year,country,GDP
2018,Afghanistan,18053228579
2018,Angola,1.01E+11
2018,Albania,15156432310
2018,Andorra,3218316013
2018,United Arab Emirates,4.22E+11
2018,Argentina,5.25E+11
2018,Armenia,12457941907
2018,Antigua and Barbuda,1605944444
2018,Australia,1.43E+12
2018,Austria,4.55E+11
2018,Azerbaijan,47112941176
2018,Burundi,2668495743
2018,Belgium,5.43E+11
2018,Benin,14262407012
2018,Burkina Faso,15890065020
2018,Bangladesh,2.74E+11
2018,Bulgaria,66363422450
2018,Bahrain,37801462766
2018,Bahamas,12837800000
2018,Bosnia and Herzegovina,20177409351
2018,Belarus,60031262269
2018,Belize,1915899787
2018,Bolivia,40287647930
2018,Brazil,1.92E+12
2018,Barbados,5086500000
2018,Brunei,13567351175
2018,Bhutan,2446866405
2018,Botswana,16914245098
2018,Central African Republic,2220978978
2018,Canada,1.73E+12
2018,Switzerland,7.36E+11
2018,Chile,2.98E+11
2018,China,1.39E+13
2018,Cameroon,39973839065
2018,"Congo, Dem. Rep.",47146004587
2018,"Congo, Rep.",13670036996
2018,Colombia,3.34E+11
2018,Comoros,1188797575
2018,Costa Rica,62420165100
2018,Cuba,1.00E+11
2018,Cyprus,25522671233
2018,Czech Republic,2.49E+11
2018,Germany,3.98E+12
2018,Djibouti,3012803457
2018,Dominica,550622222.2
2018,Denmark,3.57E+11
2018,Dominican Republic,85555378043
2018,Algeria,1.75E+11
2018,Ecuador,1.08E+11
2018,Egypt,2.50E+11
2018,Eritrea,13
2018,Spain,1.42E+12
2018,Estonia,30474612057
2018,Ethiopia,84269348327
2018,European Union (27),1.60E+13
2018,Finland,2.76E+11
2018,Fiji,5581371848
2018,France,2.79E+12
2018,Micronesia,401932300
2018,Gabon,16867325127
2018,United Kingdom,2.90E+12
2018,Georgia,17599700091
2018,Ghana,67299280680
2018,Guinea,11857030337
2018,Gambia,1670670669
2018,Guinea-Bissau,1504630121
2018,Equatorial Guinea,13097012189
2018,Greece,2.12E+11
2018,Grenada,1166523556
2018,Guatemala,73208583759
2018,Guyana,4787636237
2018,Honduras,23900438564
2018,Croatia,62247874949
2018,Haiti,16455034353
2018,Hungary,1.61E+11
2018,Indonesia,1.04E+12
2018,India,2.70E+12
2018,Ireland,3.85E+11
2018,Iran,2.94E+11
2018,Iraq,2.27E+11
2018,Iceland,26267063758
2018,Israel,3.74E+11
2018,Italy,2.09E+12
2018,Jamaica,15730793853
2018,Jordan,42932112676
2018,Japan,5.04E+12
2018,Kazakhstan,1.79E+11
2018,Kenya,92202956321
2018,Kyrgyz Republic,8271108638
2018,Cambodia,24571753583
2018,Kiribati,200157020.6
2018,St. Kitts and Nevis,1078518519
2018,Kuwait,1.38E+11
2018,Lao PDR,18141651381
2018,Lebanon,55276157552
2018,Liberia,3422754800
2018,Libya,52607888718
2018,St. Lucia,2065127259
2018,Liechtenstein,6839145107
2018,Sri Lanka,87963042341
2018,Lesotho,2514146888
2018,Lithuania,53724663843
2018,Luxembourg,71250208996
2018,Latvia,34412210812
2018,Morocco,1.18E+11
2018,Moldova,11456728401
2018,Madagascar,13760033097
2018,Maldives,5300962660
2018,Mexico,1.22E+12
2018,Marshall Islands,221588900
2018,Mali,17070866299
2018,Malta,14864712990
2018,Myanmar,67144726168
2018,Montenegro,5504166667
2018,Mongolia,13178094459
2018,Mozambique,14845870051
2018,Mauritania,7354430040
2018,Mauritius,14181951059
2018,Malawi,9880675786
2018,Malaysia,3.59E+11
2018,Namibia,13682062249
2018,Niger,12808660528
2018,Nigeria,3.97E+11
2018,Nicaragua,13025239912
2018,Netherlands,9.14E+11
2018,Norway,4.37E+11
2018,Nepal,33111525183
2018,Nauru,124021393.7
2018,New Zealand,2.12E+11
2018,Oman,91505851756
2018,Pakistan,3.15E+11
2018,Panama,64929409212
2018,Peru,2.23E+11
2018,Philippines,3.47E+11
2018,Palau,284700000
2018,Papua New Guinea,24109509853
2018,Poland,5.87E+11
2018,Portugal,2.42E+11
2018,Paraguay,40225448341
2018,Qatar,1.83E+11
2018,Romania,2.41E+11
2018,Russia,1.66E+12
2018,Rwanda,9640280084
2018,Saudi Arabia,7.87E+11
2018,Sudan,30964349685
2018,Senegal,23116699808
2018,Singapore,3.76E+11
2018,Solomon Islands,1574599183
2018,Sierra Leone,4085114794
2018,El Salvador,26020850000
2018,Somalia,5850677296
2018,Serbia,50640650221
2018,South Sudan,1.90E+10
2018,Sao Tome and Principe,412253809.7
2018,Suriname,3996247906
2018,Slovak Republic,1.06E+11
2018,Slovenia,54137142149
2018,Sweden,5.55E+11
2018,Eswatini,4665420239
2018,Seychelles,1547690759
2018,Syria,21490335086
2018,Chad,11239167048
2018,Togo,7112200725
2018,Thailand,5.07E+11
2018,Tajikistan,7765014424
2018,Turkmenistan,40765428571
2018,Timor-Leste,1583876200
2018,Tonga,489235527.4
2018,Trinidad and Tobago,23679919655
2018,Tunisia,42570270107
2018,Turkey,7.78E+11
2018,Tuvalu,42588164.97
2018,Tanzania,57003713611
2018,Uganda,32927025573
2018,Ukraine,1.31E+11
2018,Uruguay,64515038268
2018,United States,2.06E+13
2018,Uzbekistan,52633143808
2018,St. Vincent and the Grenadines,811300000
2018,Venezuela,1.96E+11
2018,Vietnam,2.45E+11
2018,Vanuatu,914727908.1
2018,World,8.63E+13
2018,Samoa,821286927.5
2018,Yemen,21606140907
2018,South Africa,4.05E+11
2018,Zambia,26311590297
2018,Zimbabwe,18115543791
2017,Afghanistan,18753469630
2017,Angola,1.22E+11
2017,Albania,13019689337
2017,Andorra,3000180750
2017,United Arab Emirates,3.86E+11
2017,Argentina,6.44E+11
2017,Armenia,11527458566
2017,Antigua and Barbuda,1467977778
2017,Australia,1.33E+12
2017,Austria,4.16E+11
2017,Azerbaijan,40865558912
2017,Burundi,2748180474
2017,Belgium,5.02E+11
2017,Benin,12701654743
2017,Burkina Faso,14106956830
2017,Bangladesh,2.50E+11
2017,Bulgaria,59199447421
2017,Bahrain,35473776596
2017,Bahamas,12359700000
2017,Bosnia and Herzegovina,18079075771
2017,Belarus,54726595249
2017,Belize,1858529677
2017,Bolivia,37508642165
2017,Brazil,2.06E+12
2017,Barbados,4978000000
2017,Brunei,12128104859
2017,Bhutan,2450364928
2017,Botswana,16088437675
2017,Central African Republic,2072349794
2017,Canada,1.65E+12
2017,Switzerland,7.04E+11
2017,Chile,2.77E+11
2017,China,1.23E+13
2017,Cameroon,36098550142
2017,"Congo, Dem. Rep.",38019265626
2017,"Congo, Rep.",11090177747
2017,Colombia,3.12E+11
2017,Comoros,1077439663
2017,Costa Rica,60516043590
2017,Cuba,96851000000
2017,Cyprus,22870833710
2017,Czech Republic,2.19E+11
2017,Germany,3.68E+12
2017,Djibouti,2751445574
2017,Dominica,519837037
2017,Denmark,3.32E+11
2017,Dominican Republic,79997975622
2017,Algeria,1.70E+11
2017,Ecuador,1.04E+11
2017,Egypt,2.36E+11
2017,Eritrea,1.00E+11
2017,Spain,1.31E+12
2017,Estonia,26857880622
2017,Ethiopia,81770791971
2017,European Union (27),1.47E+13
2017,Finland,2.55E+11
2017,Fiji,5353404422
2017,France,2.59E+12
2017,Micronesia,366666800
2017,Gabon,14929488771
2017,United Kingdom,2.70E+12
2017,Georgia,16242916916
2017,Ghana,60406382899
2017,Guinea,10324668267
2017,Gambia,1504909753
2017,Guinea-Bissau,1350177128
2017,Equatorial Guinea,12200913888
2017,Greece,1.99E+11
2017,Grenada,1125685185
2017,Guatemala,71654134379
2017,Guyana,4748174334
2017,Honduras,22975415842
2017,Croatia,56214427431
2017,Haiti,15035560373
2017,Hungary,1.43E+11
2017,Indonesia,1.02E+12
2017,India,2.65E+12
2017,Ireland,3.35E+11
2017,Iran,4.45E+11
2017,Iraq,1.87E+11
2017,Iceland,24728285177
2017,Israel,3.55E+11
2017,Italy,1.96E+12
2017,Jamaica,14808989993
2017,Jordan,41408960845
2017,Japan,4.93E+12
2017,Kazakhstan,1.67E+11
2017,Kenya,82035800868
2017,Kyrgyz Republic,7702934800
2017,Cambodia,22177200512
2017,Kiribati,187276124.8
2017,St. Kitts and Nevis,1060740741
2017,Kuwait,1.21E+11
2017,Lao PDR,17071162084
2017,Lebanon,53324800959
2017,Liberia,3390703400
2017,Libya,37883243650
2017,St. Lucia,1996771444
2017,Liechtenstein,6474256119
2017,Sri Lanka,87428128124
2017,Lesotho,2306843529
2017,Lithuania,47640770634
2017,Luxembourg,65549868207
2017,Latvia,30408509602
2017,Morocco,1.10E+11
2017,Moldova,9669759987
2017,Madagascar,13176313594
2017,Maldives,4754175869
2017,Mexico,1.16E+12
2017,Marshall Islands,213204100
2017,Mali,15365714371
2017,Malta,13221298308
2017,Myanmar,61449391917
2017,Montenegro,4844592067
2017,Mongolia,11480847745
2017,Mozambique,13219084261
2017,Mauritania,6799075419
2017,Mauritius,13259351418
2017,Malawi,8943543677
2017,Malaysia,3.19E+11
2017,Namibia,12895153160
2017,Niger,11185102400
2017,Nigeria,3.76E+11
2017,Nicaragua,13785876629
2017,Netherlands,8.32E+11
2017,Norway,3.98E+11
2017,Nepal,28971589213
2017,Nauru,109359680.2
2017,New Zealand,2.07E+11
2017,Oman,80856697009
2017,Pakistan,3.05E+11
2017,Panama,62202725204
2017,Peru,2.11E+11
2017,Philippines,3.28E+11
2017,Palau,285300000
2017,Papua New Guinea,22742613554
2017,Poland,5.27E+11
2017,Portugal,2.21E+11
2017,Paraguay,38997129474
2017,Qatar,1.61E+11
2017,Romania,2.12E+11
2017,Russia,1.57E+12
2017,Rwanda,9253098954
2017,Saudi Arabia,6.89E+11
2017,Sudan,41283617976
2017,Senegal,20996564752
2017,Singapore,3.43E+11
2017,Solomon Islands,1483758907
2017,Sierra Leone,3719369107
2017,El Salvador,24979190000
2017,Somalia,5609000000
2017,Serbia,44179055280
2017,South Sudan,5.80E+10
2017,Sao Tome and Principe,375614126.2
2017,Suriname,3591623596
2017,Slovak Republic,95157888667
2017,Slovenia,48469082710
2017,Sweden,5.41E+11
2017,Eswatini,4402969226
2017,Seychelles,1528242026
2017,Syria,16112991412
2017,Chad,10000395242
2017,Togo,6395472574
2017,Thailand,4.56E+11
2017,Tajikistan,7536439875
2017,Turkmenistan,37926285714
2017,Timor-Leste,1615609700
2017,Tonga,460379145
2017,Trinidad and Tobago,22385426654
2017,Tunisia,42163974956
2017,Turkey,8.59E+11
2017,Tuvalu,40619251.99
2017,Tanzania,53320625959
2017,Uganda,30744473912
2017,Ukraine,1.12E+11
2017,Uruguay,64233966861
2017,United States,1.95E+13
2017,Uzbekistan,62081323299
2017,St. Vincent and the Grenadines,792177777.8
2017,Venezuela,1.57E+11
2017,Vietnam,2.24E+11
2017,Vanuatu,880043553.7
2017,World,8.12E+13
2017,Samoa,832025574
2017,Yemen,26840128755
2017,South Africa,3.81E+11
2017,Zambia,25873601261
2017,Zimbabwe,17584890937
2016,Afghanistan,18116562465
2016,Angola,1.01E+11
2016,Albania,11861199831
2016,Andorra,2896679212
2016,United Arab Emirates,3.57E+11
2016,Argentina,5.58E+11
2016,Armenia,10546135160
2016,Antigua and Barbuda,1436585185
2016,Australia,1.21E+12
2016,Austria,3.96E+11
2016,Azerbaijan,37867518957
2016,Burundi,2732808557
2016,Belgium,4.76E+11
2016,Benin,11821066153
2016,Burkina Faso,12833363370
2016,Bangladesh,2.21E+11
2016,Bulgaria,53953897624
2016,Bahrain,32234973404
2016,Bahamas,11992600000
2016,Bosnia and Herzegovina,16914287349
2016,Belarus,47722657821
2016,Belize,1789304088
2016,Bolivia,33941126200
2016,Brazil,1.80E+12
2016,Barbados,4830000000
2016,Brunei,11400854268
2016,Bhutan,2158972129
2016,Botswana,15082578065
2016,Central African Republic,1825018191
2016,Canada,1.53E+12
2016,Switzerland,6.96E+11
2016,Chile,2.50E+11
2016,China,1.12E+13
2016,Cameroon,33814337900
2016,"Congo, Dem. Rep.",37134799975
2016,"Congo, Rep.",10215989995
2016,Colombia,2.83E+11
2016,Comoros,1012835518
2016,Costa Rica,58847016045
2016,Cuba,91370000000
2016,Cyprus,20953442550
2016,Czech Republic,1.96E+11
2016,Germany,3.47E+12
2016,Djibouti,2603540257
2016,Dominica,576229629.6
2016,Denmark,3.13E+11
2016,Dominican Republic,75704720190
2016,Algeria,1.60E+11
2016,Ecuador,99937696000
2016,Egypt,3.32E+11
2016,Eritrea,7.4
2016,Spain,1.23E+12
2016,Estonia,24056487771
2016,Ethiopia,74296618481
2016,European Union (27),1.39E+13
2016,Finland,2.41E+11
2016,Fiji,4930204230
2016,France,2.47E+12
2016,Micronesia,332265200
2016,Gabon,14023890620
2016,United Kingdom,2.72E+12
2016,Georgia,15141758567
2016,Ghana,56165172899
2016,Guinea,8595955581
2016,Gambia,1484579844
2016,Guinea-Bissau,1179004941
2016,Equatorial Guinea,11240808847
2016,Greece,1.93E+11
2016,Grenada,1061640741
2016,Guatemala,66053725049
2016,Guyana,4482697337
2016,Honduras,21566622850
2016,Croatia,52295158344
2016,Haiti,13987693739
2016,Hungary,1.29E+11
2016,Indonesia,9.32E+11
2016,India,2.29E+12
2016,Ireland,2.99E+11
2016,Iran,4.18E+11
2016,Iraq,1.67E+11
2016,Iceland,20793168031
2016,Israel,3.19E+11
2016,Italy,1.88E+12
2016,Jamaica,14077109397
2016,Jordan,39892551127
2016,Japan,5.00E+12
2016,Kazakhstan,1.37E+11
2016,Kenya,74815121315
2016,Kyrgyz Republic,6813092066
2016,Cambodia,20016747754
2016,Kiribati,178328984.1
2016,St. Kitts and Nevis,1008888889
2016,Kuwait,1.09E+11
2016,Lao PDR,15912495369
2016,Lebanon,51389318291
2016,Liberia,3398419600
2016,Libya,26197143268
2016,St. Lucia,1865513444
2016,Liechtenstein,6237264055
2016,Sri Lanka,82401038710
2016,Lesotho,2114323794
2016,Lithuania,43018087238
2016,Luxembourg,62174650367
2016,Latvia,28064533352
2016,Morocco,1.03E+11
2016,Moldova,8071480541
2016,Madagascar,11848613735
2016,Maldives,4379136462
2016,Mexico,1.08E+12
2016,Marshall Islands,201510900
2016,Mali,14026048691
2016,Malta,11721521913
2016,Myanmar,60291738935
2016,Montenegro,4374128319
2016,Mongolia,11181350461
2016,Mozambique,11936999283
2016,Mauritania,6398744505
2016,Mauritius,12232463656
2016,Malawi,5433040160
2016,Malaysia,3.01E+11
2016,Namibia,10721994677
2016,Niger,10398862245
2016,Nigeria,4.05E+11
2016,Nicaragua,13286083645
2016,Netherlands,7.84E+11
2016,Norway,3.69E+11
2016,Nepal,24524098184
2016,Nauru,99723394.96
2016,New Zealand,1.89E+11
2016,Oman,75128738622
2016,Pakistan,2.79E+11
2016,Panama,57907695409
2016,Peru,1.92E+11
2016,Philippines,3.19E+11
2016,Palau,298300000
2016,Papua New Guinea,20759069103
2016,Poland,4.73E+11
2016,Portugal,2.06E+11
2016,Paraguay,36089550659
2016,Qatar,1.52E+11
2016,Romania,1.88E+11
2016,Russia,1.28E+12
2016,Rwanda,8690485823
2016,Saudi Arabia,6.45E+11
2016,Sudan,42630376000
2016,Senegal,19040312815
2016,Singapore,3.19E+11
2016,Solomon Islands,1378551118
2016,Sierra Leone,3674794530
2016,El Salvador,24191430000
2016,Somalia,5529873480
2016,Serbia,40692643373
2016,South Sudan,1.35E+11
2016,Sao Tome and Principe,345495615
2016,Suriname,3317438911
2016,Slovak Republic,89614053144
2016,Slovenia,44736333522
2016,Sweden,5.16E+11
2016,Eswatini,3816022047
2016,Seychelles,1426651769
2016,Syria,12356980639
2016,Chad,10097778354
2016,Togo,6031632168
2016,Thailand,4.13E+11
2016,Tajikistan,6992393787
2016,Turkmenistan,36169428571
2016,Timor-Leste,1650618500
2016,Tonga,420540178.6
2016,Trinidad and Tobago,22386264807
2016,Tunisia,44360775649
2016,Turkey,8.70E+11
2016,Tuvalu,36547799.58
2016,Tanzania,49774021003
2016,Uganda,29203988815
2016,Ukraine,93355993629
2016,Uruguay,57236652490
2016,United States,1.87E+13
2016,Uzbekistan,86138288615
2016,St. Vincent and the Grenadines,774429629.6
2016,Venezuela,1.70E+11
2016,Vietnam,2.05E+11
2016,Vanuatu,780889605.9
2016,World,7.63E+13
2016,Samoa,799493884.3
2016,Yemen,31317365269
2016,South Africa,3.24E+11
2016,Zambia,20958412538
2016,Zimbabwe,20548678100
2015,Afghanistan,19134211764
2015,Angola,1.16E+11
2015,Albania,11386850130
2015,Andorra,2789870188
2015,United Arab Emirates,3.58E+11
2015,Argentina,5.95E+11
2015,Armenia,10553337673
2015,Antigua and Barbuda,1336692593
2015,Australia,1.35E+12
2015,Austria,3.82E+11
2015,Azerbaijan,53074370486
2015,Burundi,3104394858
2015,Belgium,4.62E+11
2015,Benin,11388160958
2015,Burkina Faso,11832159276
2015,Bangladesh,1.95E+11
2015,Bulgaria,50781996713
2015,Bahrain,31050638298
2015,Bahamas,11890600000
2015,Bosnia and Herzegovina,16219819017
2015,Belarus,56454734397
2015,Belize,1721700991
2015,Bolivia,33000198248
2015,Brazil,1.80E+12
2015,Barbados,4715000000
2015,Brunei,12930394938
2015,Bhutan,2003598213
2015,Botswana,13578754072
2015,Central African Republic,1695825708
2015,Canada,1.56E+12
2015,Switzerland,7.02E+11
2015,Chile,2.44E+11
2015,China,1.11E+13
2015,Cameroon,32210232912
2015,"Congo, Dem. Rep.",37917704900
2015,"Congo, Rep.",11885478502
2015,Colombia,2.93E+11
2015,Comoros,966029542
2015,Costa Rica,56441917653
2015,Cuba,87133000000
2015,Cyprus,19842404305
2015,Czech Republic,1.88E+11
2015,Germany,3.36E+12
2015,Djibouti,2430274292
2015,Dominica,540737037
2015,Denmark,3.03E+11
2015,Dominican Republic,71164825257
2015,Algeria,1.66E+11
2015,Ecuador,99290381000
2015,Egypt,3.29E+11
2015,Eritrea,2.06E+11
2015,Spain,1.20E+12
2015,Estonia,22881558192
2015,Ethiopia,64589334979
2015,European Union (27),1.35E+13
2015,Finland,2.34E+11
2015,Fiji,4682546863
2015,France,2.44E+12
2015,Micronesia,316489900
2015,Gabon,14383107714
2015,United Kingdom,2.96E+12
2015,Georgia,14953950557
2015,Ghana,49406568433
2015,Guinea,8794202444
2015,Gambia,1378176868
2015,Guinea-Bissau,1048229629
2015,Equatorial Guinea,13185496881
2015,Greece,1.96E+11
2015,Grenada,997007925.9
2015,Guatemala,62186186576
2015,Guyana,4279840194
2015,Honduras,20833948800
2015,Croatia,50163192883
2015,Haiti,14833154472
2015,Hungary,1.25E+11
2015,Indonesia,8.61E+11
2015,India,2.10E+12
2015,Ireland,2.91E+11
2015,Iran,3.85E+11
2015,Iraq,1.67E+11
2015,Iceland,17517210519
2015,Israel,3.00E+11
2015,Italy,1.84E+12
2015,Jamaica,14188935948
2015,Jordan,38587017887
2015,Japan,4.44E+12
2015,Kazakhstan,1.84E+11
2015,Kenya,70120413329
2015,Kyrgyz Republic,6678178340
2015,Cambodia,18049954289
2015,Kiribati,171117816.7
2015,St. Kitts and Nevis,923155555.6
2015,Kuwait,1.15E+11
2015,Lao PDR,14426381187
2015,Lebanon,50065946086
2015,Liberia,3227075700
2015,Libya,27842131480
2015,St. Lucia,1808079889
2015,Liechtenstein,6268391521
2015,Sri Lanka,80604080689
2015,Lesotho,2359759799
2015,Lithuania,41418872976
2015,Luxembourg,60047430684
2015,Latvia,27252128627
2015,Morocco,1.01E+11
2015,Moldova,7745231660
2015,Madagascar,11323020829
2015,Maldives,4109424800
2015,Mexico,1.17E+12
2015,Marshall Islands,183814300
2015,Mali,13104764334
2015,Malta,11091434484
2015,Myanmar,63045306514
2015,Montenegro,4052913386
2015,Mongolia,11619892396
2015,Mozambique,15950969019
2015,Mauritania,6166857629
2015,Mauritius,11692287066
2015,Malawi,6373212641
2015,Malaysia,3.01E+11
2015,Namibia,11335179562
2015,Niger,9683867894
2015,Nigeria,4.87E+11
2015,Nicaragua,12756706583
2015,Netherlands,7.65E+11
2015,Norway,3.86E+11
2015,Nepal,24360795410
2015,Nauru,86529661.37
2015,New Zealand,1.78E+11
2015,Oman,78710793238
2015,Pakistan,2.71E+11
2015,Panama,54091713776
2015,Peru,1.90E+11
2015,Philippines,3.06E+11
2015,Palau,280457700
2015,Papua New Guinea,21723531173
2015,Poland,4.78E+11
2015,Portugal,1.99E+11
2015,Paraguay,36211372703
2015,Qatar,1.62E+11
2015,Romania,1.78E+11
2015,Russia,1.36E+12
2015,Rwanda,8539048448
2015,Saudi Arabia,6.54E+11
2015,Sudan,51726758677
2015,Senegal,17774766636
2015,Singapore,3.08E+11
2015,Solomon Islands,1307061544
2015,Sierra Leone,4218723875
2015,El Salvador,23438240000
2015,Somalia,5331761394
2015,Serbia,39655958843
2015,South Sudan,11997800760
2015,Sao Tome and Principe,316066072.3
2015,Suriname,5126291451
2015,Slovak Republic,88601289843
2015,Slovenia,43090173395
2015,Sweden,5.05E+11
2015,Eswatini,4063245671
2015,Seychelles,1377495054
2015,Syria,16492072144
2015,Chad,10950392220
2015,Togo,4180866177
2015,Thailand,4.01E+11
2015,Tajikistan,8271454301
2015,Turkmenistan,35799714286
2015,Timor-Leste,1594410900
2015,Tonga,437006227.2
2015,Trinidad and Tobago,24959858249
2015,Tunisia,45780069047
2015,Turkey,8.64E+11
2015,Tuvalu,35492074.22
2015,Tanzania,47378599025
2015,Uganda,32387183845
2015,Ukraine,91030959455
2015,Uruguay,53274304222
2015,United States,1.82E+13
2015,Uzbekistan,86196265192
2015,St. Vincent and the Grenadines,755400000
2015,Venezuela,6.22E+10
2015,Vietnam,1.93E+11
2015,Vanuatu,730870581.7
2015,World,7.51E+13
2015,Samoa,787958585.9
2015,Yemen,42445102387
2015,South Africa,3.47E+11
2015,Zambia,21251216799
2015,Zimbabwe,19963120600
2014,Afghanistan,20497126770
2014,Angola,1.46E+11
2014,Albania,13228147516
2014,Andorra,3271808157
2014,United Arab Emirates,4.03E+11
2014,Argentina,5.26E+11
2014,Armenia,11609512940
2014,Antigua and Barbuda,1249733333
2014,Australia,1.47E+12
2014,Austria,4.42E+11
2014,Azerbaijan,75244294275
2014,Burundi,2705783272
2014,Belgium,5.35E+11
2014,Benin,13284528654
2014,Burkina Faso,13943016924
2014,Bangladesh,1.73E+11
2014,Bulgaria,57082011260
2014,Bahrain,33387712766
2014,Bahamas,11142900000
2014,Bosnia and Herzegovina,18560861389
2014,Belarus,78813839984
2014,Belize,1667335061
2014,Bolivia,32996188013
2014,Brazil,2.46E+12
2014,Barbados,4696500000
2014,Brunei,17098342541
2014,Bhutan,1907090813
2014,Botswana,15654660710
2014,Central African Republic,1894813505
2014,Canada,1.81E+12
2014,Switzerland,7.34E+11
2014,Chile,2.61E+11
2014,China,1.05E+13
2014,Cameroon,36386546918
2014,"Congo, Dem. Rep.",35909040266
2014,"Congo, Rep.",17889079958
2014,Colombia,3.81E+11
2014,Comoros,1149587652
2014,Costa Rica,52016408951
2014,Cuba,80656000000
2014,Cyprus,23156850007
2014,Czech Republic,2.09E+11
2014,Germany,3.88E+12
2014,Djibouti,2214679081
2014,Dominica,520207407.4
2014,Denmark,3.53E+11
2014,Dominican Republic,67179914027
2014,Algeria,2.14E+11
2014,Ecuador,1.02E+11
2014,Egypt,3.06E+11
2014,Eritrea,30.9
2014,Spain,1.37E+12
2014,Estonia,26598657881
2014,Ethiopia,55612228234
2014,European Union (27),1.56E+13
2014,Finland,2.74E+11
2014,Fiji,4856963230
2014,France,2.85E+12
2014,Micronesia,319271200
2014,Gabon,18203968002
2014,United Kingdom,3.09E+12
2014,Georgia,17627003455
2014,Ghana,54782847753
2014,Guinea,8778473615
2014,Gambia,1229460602
2014,Guinea-Bissau,1054915645
2014,Equatorial Guinea,21765453087
2014,Greece,2.35E+11
2014,Grenada,911497407.4
2014,Guatemala,57852399964
2014,Guyana,4127659492
2014,Honduras,19618567250
2014,Croatia,58330289757
2014,Haiti,15139264670
2014,Hungary,1.41E+11
2014,Indonesia,8.91E+11
2014,India,2.04E+12
2014,Ireland,2.59E+11
2014,Iran,4.33E+11
2014,Iraq,2.28E+11
2014,Iceland,17867662178
2014,Israel,3.11E+11
2014,Italy,2.16E+12
2014,Jamaica,13899228824
2014,Jordan,36847643521
2014,Japan,4.90E+12
2014,Kazakhstan,2.21E+11
2014,Kenya,68285768554
2014,Kyrgyz Republic,7468096567
2014,Cambodia,16702610842
2014,Kiribati,179703165.4
2014,St. Kitts and Nevis,916566666.7
2014,Kuwait,1.63E+11
2014,Lao PDR,13279248479
2014,Lebanon,48133414840
2014,Liberia,3225652000
2014,Libya,41142722414
2014,St. Lucia,1755130815
2014,Liechtenstein,6657170923
2014,Sri Lanka,79356449841
2014,Lesotho,2441053176
2014,Lithuania,48533659592
2014,Luxembourg,68713294386
2014,Latvia,31345148671
2014,Morocco,1.10E+11
2014,Moldova,9510219299
2014,Madagascar,12522957228
2014,Maldives,3697351597
2014,Mexico,1.32E+12
2014,Marshall Islands,182142800
2014,Mali,14364937997
2014,Malta,11626281387
2014,Myanmar,63264891867
2014,Montenegro,4587928884
2014,Mongolia,12226514722
2014,Mozambique,17716084108
2014,Mauritania,6592537782
2014,Mauritius,12803445934
2014,Malawi,6047813437
2014,Malaysia,3.38E+11
2014,Namibia,12435416060
2014,Niger,10862944204
2014,Nigeria,5.47E+11
2014,Nicaragua,11880434071
2014,Netherlands,8.91E+11
2014,Norway,4.98E+11
2014,Nepal,22731602970
2014,Nauru,104654365.2
2014,New Zealand,2.01E+11
2014,Oman,92699089727
2014,Pakistan,2.44E+11
2014,Panama,49921464365
2014,Peru,2.01E+11
2014,Philippines,2.97E+11
2014,Palau,241669800
2014,Papua New Guinea,23210682538
2014,Poland,5.42E+11
2014,Portugal,2.30E+11
2014,Paraguay,40377987209
2014,Qatar,2.06E+11
2014,Romania,2.00E+11
2014,Russia,2.06E+12
2014,Rwanda,8241332517
2014,Saudi Arabia,7.56E+11
2014,Sudan,49516748618
2014,Senegal,19797254643
2014,Singapore,3.15E+11
2014,Solomon Islands,1335538893
2014,Sierra Leone,5015157816
2014,El Salvador,22593470000
2014,Somalia,5021956321
2014,Serbia,47062206678
2014,South Sudan,13962212847
2014,Sao Tome and Principe,346528329.2
2014,Suriname,5240606061
2014,Slovak Republic,1.01E+11
2014,Slovenia,49930685013
2014,Sweden,5.82E+11
2014,Eswatini,4422968340
2014,Seychelles,1343007845
2014,Syria,21239000398
2014,Chad,13940768066
2014,Togo,4574986537
2014,Thailand,4.07E+11
2014,Tajikistan,9112544556
2014,Turkmenistan,43524210526
2014,Timor-Leste,1447307100
2014,Tonga,439878828
2014,Trinidad and Tobago,27615843098
2014,Tunisia,50271342086
2014,Turkey,9.39E+11
2014,Tuvalu,37290607.54
2014,Tanzania,49964788814
2014,Uganda,32612397758
2014,Ukraine,1.34E+11
2014,Uruguay,57236013086
2014,United States,1.75E+13
2014,Uzbekistan,80845384375
2014,St. Vincent and the Grenadines,727714814.8
2014,Venezuela,4.82E+11
2014,Vietnam,1.86E+11
2014,Vanuatu,772315721.3
2014,World,7.96E+13
2014,Samoa,756805940.2
2014,Yemen,43228585321
2014,South Africa,3.81E+11
2014,Zambia,27141023558
2014,Zimbabwe,19495519600
2013,Afghanistan,20146404996
2013,Angola,1.37E+11
2013,Albania,12776220507
2013,Andorra,3193704343
2013,United Arab Emirates,3.90E+11
2013,Argentina,5.52E+11
2013,Armenia,11121465767
2013,Antigua and Barbuda,1181448148
2013,Australia,1.58E+12
2013,Austria,4.30E+11
2013,Azerbaijan,74164435946
2013,Burundi,2451625333
2013,Belgium,5.22E+11
2013,Benin,12517845732
2013,Burkina Faso,13444301139
2013,Bangladesh,1.50E+11
2013,Bulgaria,55810138436
2013,Bahrain,32539468085
2013,Bahamas,10494600000
2013,Bosnia and Herzegovina,18172335776
2013,Belarus,75527984234
2013,Belize,1579411253
2013,Bolivia,30659338880
2013,Brazil,2.47E+12
2013,Barbados,4677000000
2013,Brunei,18093829923
2013,Bhutan,1756215665
2013,Botswana,14901750991
2013,Central African Republic,1691544192
2013,Canada,1.85E+12
2013,Switzerland,7.13E+11
2013,Chile,2.78E+11
2013,China,9.57E+12
2013,Cameroon,33728622819
2013,"Congo, Dem. Rep.",32679745298
2013,"Congo, Rep.",17953617927
2013,Colombia,3.82E+11
2013,Comoros,1116224161
2013,Costa Rica,50949672206
2013,Cuba,77148000000
2013,Cyprus,23900872626
2013,Czech Republic,2.12E+11
2013,Germany,3.73E+12
2013,Djibouti,2042817163
2013,Dominica,498296296.3
2013,Denmark,3.44E+11
2013,Dominican Republic,62682163837
2013,Algeria,2.10E+11
2013,Ecuador,95129659000
2013,Egypt,2.88E+11
2013,Eritrea,1.05E+11
2013,Spain,1.35E+12
2013,Estonia,25108615092
2013,Ethiopia,47648211133
2013,European Union (27),1.53E+13
2013,Finland,2.71E+11
2013,Fiji,4190143206
2013,France,2.81E+12
2013,Micronesia,317214400
2013,Gabon,17595745653
2013,United Kingdom,2.80E+12
2013,Georgia,17189551521
2013,Ghana,62823043706
2013,Guinea,8376613843
2013,Gambia,1375608956
2013,Guinea-Bissau,1046087418
2013,Equatorial Guinea,21948834290
2013,Greece,2.39E+11
2013,Grenada,842620111.1
2013,Guatemala,52996540704
2013,Guyana,4167800259
2013,Honduras,18372173381
2013,Croatia,58889082315
2013,Haiti,14902474091
2013,Hungary,1.36E+11
2013,Indonesia,9.13E+11
2013,India,1.86E+12
2013,Ireland,2.38E+11
2013,Iran,4.60E+11
2013,Iraq,2.35E+11
2013,Iceland,16125060515
2013,Israel,2.94E+11
2013,Italy,2.14E+12
2013,Jamaica,14264202737
2013,Jordan,34454440141
2013,Japan,5.21E+12
2013,Kazakhstan,2.37E+11
2013,Kenya,61671425370
2013,Kyrgyz Republic,7335027592
2013,Cambodia,15227991395
2013,Kiribati,185114059.6
2013,St. Kitts and Nevis,839770370.4
2013,Kuwait,1.74E+11
2013,Lao PDR,11983252611
2013,Lebanon,46909335551
2013,Liberia,3177198100
2013,Libya,65502870174
2013,St. Lucia,1664816741
2013,Liechtenstein,6391735894
2013,Sri Lanka,74317806538
2013,Lesotho,2367113170
2013,Lithuania,46523420074
2013,Luxembourg,65184744717
2013,Latvia,30204783462
2013,Morocco,1.07E+11
2013,Moldova,9496684701
2013,Madagascar,12423555269
2013,Maldives,3295011382
2013,Mexico,1.27E+12
2013,Marshall Islands,184840400
2013,Mali,13242691430
2013,Malta,10551661177
2013,Myanmar,60572254371
2013,Montenegro,4464260489
2013,Mongolia,12582122604
2013,Mozambique,16974320551
2013,Mauritania,7223063170
2013,Mauritius,12129642296
2013,Malawi,5518880769
2013,Malaysia,3.23E+11
2013,Namibia,12043276397
2013,Niger,10224897935
2013,Nigeria,5.09E+11
2013,Nicaragua,10982979274
2013,Netherlands,8.77E+11
2013,Norway,5.23E+11
2013,Nepal,22162208956
2013,Nauru,98491843.64
2013,New Zealand,1.91E+11
2013,Oman,89936020806
2013,Pakistan,2.31E+11
2013,Panama,45599994005
2013,Peru,2.01E+11
2013,Philippines,2.84E+11
2013,Palau,221117200
2013,Papua New Guinea,21261432791
2013,Poland,5.21E+11
2013,Portugal,2.26E+11
2013,Paraguay,38651334288
2013,Qatar,1.99E+11
2013,Romania,1.91E+11
2013,Russia,2.29E+12
2013,Rwanda,7815599503
2013,Saudi Arabia,7.47E+11
2013,Sudan,43024018082
2013,Senegal,18918668644
2013,Singapore,3.08E+11
2013,Solomon Islands,1284698922
2013,Sierra Leone,4920343195
2013,El Salvador,21990960000
2013,Somalia,4574495667
2013,Serbia,48394239475
2013,South Sudan,18426469017
2013,Sao Tome and Principe,300554483.6
2013,Suriname,5145757576
2013,Slovak Republic,98541305462
2013,Slovenia,48401896808
2013,Sweden,5.87E+11
2013,Eswatini,4597532030
2013,Seychelles,1328157609
2013,Syria,20345458471
2013,Chad,12953535496
2013,Togo,4321655656
2013,Thailand,4.20E+11
2013,Tajikistan,8448469838
2013,Turkmenistan,39197543860
2013,Timor-Leste,1395519600
2013,Tonga,450643615.2
2013,Trinidad and Tobago,27268478565
2013,Tunisia,48683848564
2013,Turkey,9.58E+11
2013,Tuvalu,37509075.11
2013,Tanzania,45680532614
2013,Uganda,28915786997
2013,Ukraine,1.90E+11
2013,Uruguay,57531233351
2013,United States,1.68E+13
2013,Uzbekistan,73180036692
2013,St. Vincent and the Grenadines,721207407.4
2013,Venezuela,3.71E+11
2013,Vietnam,1.71E+11
2013,Vanuatu,758304466.2
2013,World,7.74E+13
2013,Samoa,770059551
2013,Yemen,40415235702
2013,South Africa,4.01E+11
2013,Zambia,28037239463
2013,Zimbabwe,19091020000
2012,Afghanistan,19907317066
2012,Angola,1.28E+11
2012,Albania,12319830437
2012,Andorra,3188808943
2012,United Arab Emirates,3.75E+11
2012,Argentina,5.46E+11
2012,Armenia,10619320049
2012,Antigua and Barbuda,1199948148
2012,Australia,1.55E+12
2012,Austria,4.09E+11
2012,Azerbaijan,69683935845
2012,Burundi,2333308099
2012,Belgium,4.96E+11
2012,Benin,11141358945
2012,Burkina Faso,12561016091
2012,Bangladesh,1.33E+11
2012,Bulgaria,54300857424
2012,Bahrain,30749308511
2012,Bahamas,10720500000
2012,Bosnia and Herzegovina,17221192466
2012,Belarus,65685102555
2012,Belize,1522897506
2012,Bolivia,27084497483
2012,Brazil,2.47E+12
2012,Barbados,4610000000
2012,Brunei,19047940301
2012,Bhutan,1781281282
2012,Botswana,14380004175
2012,Central African Republic,2510126699
2012,Canada,1.83E+12
2012,Switzerland,6.92E+11
2012,Chile,2.67E+11
2012,China,8.53E+12
2012,Cameroon,30155064574
2012,"Congo, Dem. Rep.",29306235826
2012,"Congo, Rep.",17693924573
2012,Colombia,3.71E+11
2012,Comoros,1015843369
2012,Costa Rica,47231651863
2012,Cuba,73141000000
2012,Cyprus,24978513427
2012,Czech Republic,2.09E+11
2012,Germany,3.53E+12
2012,Djibouti,1353632942
2012,Dominica,485996296.3
2012,Denmark,3.27E+11
2012,Dominican Republic,60681537196
2012,Algeria,2.09E+11
2012,Ecuador,87924544000
2012,Egypt,2.79E+11
2012,Eritrea,1.9
2012,Spain,1.32E+12
2012,Estonia,23020466785
2012,Ethiopia,43310721414
2012,European Union (27),1.46E+13
2012,Finland,2.58E+11
2012,Fiji,3972012571
2012,France,2.68E+12
2012,Micronesia,327248700
2012,Gabon,17170465294
2012,United Kingdom,2.72E+12
2012,Georgia,16488403076
2012,Ghana,41270954737
2012,Guinea,7638045254
2012,Gambia,1415006238
2012,Guinea-Bissau,989271229.6
2012,Equatorial Guinea,22388344124
2012,Greece,2.42E+11
2012,Grenada,799882259.3
2012,Guatemala,49593961142
2012,Guyana,4063089192
2012,Honduras,18400538859
2012,Croatia,57192346923
2012,Haiti,13708926466
2012,Hungary,1.29E+11
2012,Indonesia,9.18E+11
2012,India,1.83E+12
2012,Ireland,2.26E+11
2012,Iran,5.99E+11
2012,Iraq,2.18E+11
2012,Iceland,14751508134
2012,Israel,2.58E+11
2012,Italy,2.09E+12
2012,Jamaica,14807086889
2012,Jordan,31634561690
2012,Japan,6.27E+12
2012,Kazakhstan,2.08E+11
2012,Kenya,56396706006
2012,Kyrgyz Republic,6605139933
2012,Cambodia,14054443213
2012,Kiribati,190243432.8
2012,St. Kitts and Nevis,800414814.8
2012,Kuwait,1.74E+11
2012,Lao PDR,10192848926
2012,Lebanon,44035991893
2012,Liberia,2791614000
2012,Libya,81873662519
2012,St. Lucia,1605146778
2012,Liechtenstein,5456009385
2012,Sri Lanka,68434409315
2012,Lesotho,2477702253
2012,Lithuania,42927454291
2012,Luxembourg,59779802783
2012,Latvia,28169902669
2012,Morocco,98266306615
2012,Moldova,8709165249
2012,Madagascar,11578974888
2012,Maldives,2886170572
2012,Mexico,1.20E+12
2012,Marshall Islands,180436300
2012,Mali,12442036265
2012,Malta,9462238211
2012,Myanmar,58318677645
2012,Montenegro,4087725813
2012,Mongolia,12292770631
2012,Mozambique,16350804543
2012,Mauritania,6728208836
2012,Mauritius,11668685524
2012,Malawi,6028487929
2012,Malaysia,3.14E+11
2012,Namibia,13042007432
2012,Niger,9426913349
2012,Nigeria,4.56E+11
2012,Nicaragua,10532006608
2012,Netherlands,8.39E+11
2012,Norway,5.10E+11
2012,Nepal,21703106502
2012,Nauru,96927201.48
2012,New Zealand,1.76E+11
2012,Oman,87408842653
2012,Pakistan,2.24E+11
2012,Panama,40429734384
2012,Peru,1.93E+11
2012,Philippines,2.62E+11
2012,Palau,212397800
2012,Papua New Guinea,21295659244
2012,Poland,4.99E+11
2012,Portugal,2.16E+11
2012,Paraguay,33296438306
2012,Qatar,1.87E+11
2012,Romania,1.71E+11
2012,Russia,2.21E+12
2012,Rwanda,7650300320
2012,Saudi Arabia,7.36E+11
2012,Sudan,37632919967
2012,Senegal,17660871726
2012,Singapore,2.95E+11
2012,Solomon Islands,1190994127
2012,Sierra Leone,3801862611
2012,El Salvador,21386150000
2012,Somalia,1.2
2012,Serbia,43309252921
2012,South Sudan,11931472169
2012,Sao Tome and Principe,250680845.7
2012,Suriname,4980000000
2012,Slovak Republic,94258572686
2012,Slovenia,46580457470
2012,Sweden,5.52E+11
2012,Eswatini,4886533033
2012,Seychelles,1060226126
2012,Syria,42807315976
2012,Chad,12367363678
2012,Togo,3873308389
2012,Thailand,3.98E+11
2012,Tajikistan,7633049792
2012,Turkmenistan,35164210526
2012,Timor-Leste,1160389500
2012,Tonga,470714083.4
2012,Trinidad and Tobago,25763220107
2012,Tunisia,47311196335
2012,Turkey,8.81E+11
2012,Tuvalu,37671774.69
2012,Tanzania,39650530214
2012,Uganda,27305915761
2012,Ukraine,1.83E+11
2012,Uruguay,51264390116
2012,United States,1.62E+13
2012,Uzbekistan,67517349212
2012,St. Vincent and the Grenadines,692933333.3
2012,Venezuela,3.81E+11
2012,Vietnam,1.56E+11
2012,Vanuatu,747839697.7
2012,World,7.53E+13
2012,Samoa,760319276
2012,Yemen,35401341663
2012,South Africa,4.34E+11
2012,Zambia,25503060420
2012,Zimbabwe,17114849900
2011,Afghanistan,17805113119
2011,Angola,1.12E+11
2011,Albania,12890764531
2011,Andorra,3629203786
2011,United Arab Emirates,3.51E+11
2011,Argentina,5.30E+11
2011,Armenia,10142111334
2011,Antigua and Barbuda,1137637037
2011,Australia,1.40E+12
2011,Austria,4.31E+11
2011,Azerbaijan,65951627200
2011,Burundi,2235820868
2011,Belgium,5.23E+11
2011,Benin,10693321954
2011,Burkina Faso,12080296644
2011,Bangladesh,1.29E+11
2011,Bulgaria,57678241024
2011,Bahrain,28776595745
2011,Bahamas,10070450000
2011,Bosnia and Herzegovina,18644723854
2011,Belarus,61757788945
2011,Belize,1460797903
2011,Bolivia,23963033431
2011,Brazil,2.62E+12
2011,Barbados,4657500000
2011,Brunei,18525319978
2011,Bhutan,1777101317
2011,Botswana,15351972361
2011,Central African Republic,2437982840
2011,Canada,1.79E+12
2011,Switzerland,7.22E+11
2011,Chile,2.52E+11
2011,China,7.55E+12
2011,Cameroon,30630912185
2011,"Congo, Dem. Rep.",25839749199
2011,"Congo, Rep.",15634897273
2011,Colombia,3.35E+11
2011,Comoros,1023086184
2011,Costa Rica,42762617082
2011,Cuba,68990000000
2011,Cyprus,27565469098
2011,Czech Republic,2.30E+11
2011,Germany,3.74E+12
2011,Djibouti,1239144502
2011,Dominica,501025925.9
2011,Denmark,3.44E+11
2011,Dominican Republic,58029750746
2011,Algeria,2.00E+11
2011,Ecuador,79276664000
2011,Egypt,2.36E+11
2011,Eritrea,2065001626
2011,Spain,1.48E+12
2011,Estonia,23183616046
2011,Ethiopia,31952763089
2011,European Union (27),1.57E+13
2011,Finland,2.75E+11
2011,Fiji,3774530616
2011,France,2.86E+12
2011,Micronesia,311301600
2011,Gabon,18210308748
2011,United Kingdom,2.67E+12
2011,Georgia,15107441447
2011,Ghana,39337314810
2011,Guinea,6785137173
2011,Gambia,1409694554
2011,Guinea-Bissau,1099818652
2011,Equatorial Guinea,21357343682
2011,Greece,2.83E+11
2011,Grenada,778655925.9
2011,Guatemala,46876114650
2011,Guyana,3691384318
2011,Honduras,17588098575
2011,Croatia,63169910822
2011,Haiti,13008754111
2011,Hungary,1.42E+11
2011,Indonesia,8.93E+11
2011,India,1.82E+12
2011,Ireland,2.39E+11
2011,Iran,5.81E+11
2011,Iraq,1.86E+11
2011,Iceland,15221622926
2011,Israel,2.62E+11
2011,Italy,2.29E+12
2011,Jamaica,14444655300
2011,Jordan,29524149155
2011,Japan,6.23E+12
2011,Kazakhstan,1.93E+11
2011,Kenya,46869457318
2011,Kyrgyz Republic,6197766119
2011,Cambodia,12829541141
2011,Kiribati,181705153.6
2011,St. Kitts and Nevis,817759259.3
2011,Kuwait,1.54E+11
2011,Lao PDR,8750107402
2011,Lebanon,39927125961
2011,Liberia,2398000000
2011,Libya,34699395524
2011,St. Lucia,1576988407
2011,Liechtenstein,5739977477
2011,Sri Lanka,65292753005
2011,Lesotho,2579421686
2011,Lithuania,43535051482
2011,Luxembourg,61615545000
2011,Latvia,27474380566
2011,Morocco,1.01E+11
2011,Moldova,8414360656
2011,Madagascar,11551819618
2011,Maldives,2774351760
2011,Mexico,1.18E+12
2011,Marshall Islands,172188500
2011,Mali,12995113407
2011,Malta,9638916481
2011,Myanmar,54118601975
2011,Montenegro,4544516982
2011,Mongolia,10409797649
2011,Mozambique,14381552433
2011,Mauritania,6764635687
2011,Mauritius,11518393367
2011,Malawi,8004000737
2011,Malaysia,2.98E+11
2011,Namibia,12523402329
2011,Niger,8772951262
2011,Nigeria,4.05E+11
2011,Nicaragua,9774262742
2011,Netherlands,9.04E+11
2011,Norway,4.98E+11
2011,Nepal,21621710003
2011,Nauru,66055407.67
2011,New Zealand,1.68E+11
2011,Oman,77497529259
2011,Pakistan,2.14E+11
2011,Panama,34686224301
2011,Peru,1.72E+11
2011,Philippines,2.34E+11
2011,Palau,196911100
2011,Papua New Guinea,17984910502
2011,Poland,5.28E+11
2011,Portugal,2.45E+11
2011,Paraguay,33756238767
2011,Qatar,1.68E+11
2011,Romania,1.83E+11
2011,Russia,2.05E+12
2011,Rwanda,6881038270
2011,Saudi Arabia,6.71E+11
2011,Sudan,55018567211
2011,Senegal,17814284622
2011,Singapore,2.79E+11
2011,Solomon Islands,1049952233
2011,Sierra Leone,2942546781
2011,El Salvador,20283780000
2011,Somalia,2.6
2011,Serbia,49258136129
2011,South Sudan,14907308933
2011,Sao Tome and Principe,231489270.1
2011,Suriname,4422276622
2011,Slovak Republic,99362720494
2011,Slovenia,51516366655
2011,Sweden,5.74E+11
2011,Eswatini,4820499924
2011,Seychelles,1065826670
2011,Syria,64315437939
2011,Chad,12172309523
2011,Togo,3872459250
2011,Thailand,3.71E+11
2011,Tajikistan,6522732203
2011,Turkmenistan,29233333333
2011,Timor-Leste,1042411500
2011,Tonga,414523388.5
2011,Trinidad and Tobago,25433011405
2011,Tunisia,48122838145
2011,Turkey,8.39E+11
2011,Tuvalu,38711810.21
2011,Tanzania,34657139495
2011,Uganda,27871725206
2011,Ukraine,1.69E+11
2011,Uruguay,47962439304
2011,United States,1.55E+13
2011,Uzbekistan,60178909297
2011,St. Vincent and the Grenadines,676129629.6
2011,Venezuela,3.16E+11
2011,Vietnam,1.36E+11
2011,Vanuatu,770153304.2
2011,World,7.37E+13
2011,Samoa,737147951.1
2011,Yemen,32726417212
2011,South Africa,4.58E+11
2011,Zambia,23459515276
2011,Zimbabwe,14101920300
2010,Afghanistan,15856678596
2010,Angola,83799496611
2010,Albania,11926922829
2010,Andorra,3449966857
2010,United Arab Emirates,2.90E+11
2010,Argentina,4.24E+11
2010,Armenia,9260284938
2010,Antigua and Barbuda,1148700000
2010,Australia,1.15E+12
2010,Austria,3.92E+11
2010,Azerbaijan,52909294792
2010,Burundi,2032135247
2010,Belgium,4.81E+11
2010,Benin,9535344283
2010,Burkina Faso,10109618964
2010,Bangladesh,1.15E+11
2010,Bulgaria,50682061053
2010,Bahrain,25713271277
2010,Bahamas,10095760000
2010,Bosnia and Herzegovina,17176781046
2010,Belarus,57222490769
2010,Belize,1377177100
2010,Bolivia,19649631314
2010,Brazil,2.21E+12
2010,Barbados,4530000000
2010,Brunei,13707370737
2010,Bhutan,1547991318
2010,Botswana,12786654498
2010,Central African Republic,2142591376
2010,Canada,1.62E+12
2010,Switzerland,6.03E+11
2010,Chile,2.19E+11
2010,China,6.09E+12
2010,Cameroon,27507499709
2010,"Congo, Dem. Rep.",21565720044
2010,"Congo, Rep.",13135580695
2010,Colombia,2.87E+11
2010,Comoros,907978723.5
2010,Costa Rica,37658614803
2010,Cuba,64328000000
2010,Cyprus,25732432719
2010,Czech Republic,2.09E+11
2010,Germany,3.40E+12
2010,Djibouti,1128611700
2010,Dominica,493825925.9
2010,Denmark,3.22E+11
2010,Dominican Republic,53860175556
2010,Algeria,1.61E+11
2010,Ecuador,69555367000
2010,Egypt,2.19E+11
2010,Eritrea,1589515447
2010,Spain,1.42E+12
2010,Estonia,19523477326
2010,Ethiopia,29933790334
2010,European Union (27),1.45E+13
2010,Finland,2.49E+11
2010,Fiji,3140508836
2010,France,2.64E+12
2010,Micronesia,296944100
2010,Gabon,14372591916
2010,United Kingdom,2.49E+12
2010,Georgia,12243505583
2010,Ghana,32197272797
2010,Guinea,6853467858
2010,Gambia,1543292393
2010,Guinea-Bissau,849878424.2
2010,Equatorial Guinea,16314443429
2010,Greece,2.97E+11
2010,Grenada,771013259.3
2010,Guatemala,40676432029
2010,Guyana,3432913073
2010,Honduras,15729649159
2010,Croatia,60426018629
2010,Haiti,11859315079
2010,Hungary,1.32E+11
2010,Indonesia,7.55E+11
2010,India,1.68E+12
2010,Ireland,2.22E+11
2010,Iran,4.87E+11
2010,Iraq,1.39E+11
2010,Iceland,13751161918
2010,Israel,2.35E+11
2010,Italy,2.13E+12
2010,Jamaica,13220556883
2010,Jordan,27133804225
2010,Japan,5.76E+12
2010,Kazakhstan,1.48E+11
2010,Kenya,45405587557
2010,Kyrgyz Republic,4794357795
2010,Cambodia,11242275199
2010,Kiribati,156120439.3
2010,St. Kitts and Nevis,760170370.4
2010,Kuwait,1.15E+11
2010,Lao PDR,7131773633
2010,Lebanon,38443907042
2010,Liberia,1998000000
2010,Libya,74773444901
2010,St. Lucia,1486758037
2010,Liechtenstein,5082366478
2010,Sri Lanka,56725749222
2010,Lesotho,2234731974
2010,Lithuania,37128694028
2010,Luxembourg,56159192758
2010,Latvia,23956163077
2010,Morocco,93216746662
2010,Moldova,6974960345
2010,Madagascar,9982711338
2010,Maldives,2588176055
2010,Mexico,1.06E+12
2010,Marshall Islands,160407100
2010,Mali,10689167195
2010,Malta,9035932122
2010,Myanmar,37796052939
2010,Montenegro,4143033276
2010,Mongolia,7189481824
2010,Mozambique,11104648673
2010,Mauritania,5628882266
2010,Mauritius,10003670690
2010,Malawi,6959655571
2010,Malaysia,2.55E+11
2010,Namibia,11431334447
2010,Niger,7851191899
2010,Nigeria,3.61E+11
2010,Nicaragua,8758592272
2010,Netherlands,8.47E+11
2010,Norway,4.29E+11
2010,Nepal,16002656434
2010,Nauru,47564520.39
2010,New Zealand,1.47E+11
2010,Oman,64993498049
2010,Pakistan,1.77E+11
2010,Panama,29440287581
2010,Peru,1.48E+11
2010,Philippines,2.08E+11
2010,Palau,185943000
2010,Papua New Guinea,14250755231
2010,Poland,4.80E+11
2010,Portugal,2.38E+11
2010,Paraguay,27237782850
2010,Qatar,1.25E+11
2010,Romania,1.66E+11
2010,Russia,1.52E+12
2010,Rwanda,6121234529
2010,Saudi Arabia,5.28E+11
2010,Sudan,58962978034
2010,Senegal,16121314671
2010,Singapore,2.40E+11
2010,Solomon Islands,846797693.6
2010,Sierra Leone,2578026297
2010,El Salvador,18447920000
2010,Somalia,2.6
2010,Serbia,41819468692
2010,South Sudan,14602072411
2010,Sao Tome and Principe,196652514.3
2010,Suriname,4368398048
2010,Slovak Republic,90712671901
2010,Slovenia,48161250405
2010,Sweden,4.96E+11
2010,Eswatini,4438778424
2010,Seychelles,969936525.3
2010,Syria,2.53E+11
2010,Chad,10668102735
2010,Togo,3429461495
2010,Thailand,3.41E+11
2010,Tajikistan,5642178580
2010,Turkmenistan,22583157895
2010,Timor-Leste,881827800
2010,Tonga,366840012.4
2010,Trinidad and Tobago,22157948396
2010,Tunisia,46206331261
2010,Turkey,7.77E+11
2010,Tuvalu,31823518.62
2010,Tanzania,32014249841
2010,Uganda,26673441667
2010,Ukraine,1.41E+11
2010,Uruguay,40284481652
2010,United States,1.50E+13
2010,Uzbekistan,49765676402
2010,St. Vincent and the Grenadines,681225925.9
2010,Venezuela,3.93E+11
2010,Vietnam,1.16E+11
2010,Vanuatu,670713208.1
2010,World,6.65E+13
2010,Samoa,663155955
2010,Yemen,30906749533
2010,South Africa,4.17E+11
2010,Zambia,20265559484
2010,Zimbabwe,12041655200
2009,Afghanistan,12416161049
2009,Angola,70307163678
2009,Albania,12044208086
2009,Andorra,3674409558
2009,United Arab Emirates,2.54E+11
2009,Argentina,3.33E+11
2009,Armenia,8647936748
2009,Antigua and Barbuda,1228329630
2009,Australia,9.28E+11
2009,Austria,4.00E+11
2009,Azerbaijan,44291490421
2009,Burundi,1781455092
2009,Belgium,4.81E+11
2009,Benin,9738626993
2009,Burkina Faso,9450697336
2009,Bangladesh,1.02E+11
2009,Bulgaria,52023504656
2009,Bahrain,22938218085
2009,Bahamas,9981960000
2009,Bosnia and Herzegovina,17613836527
2009,Belarus,50874078052
2009,Belize,1317309450
2009,Bolivia,17339992165
2009,Brazil,1.67E+12
2009,Barbados,4465500000
2009,Brunei,10732366286
2009,Bhutan,1234014292
2009,Botswana,10267133178
2009,Central African Republic,2059094048
2009,Canada,1.37E+12
2009,Switzerland,5.58E+11
2009,Chile,1.72E+11
2009,China,5.10E+12
2009,Cameroon,27932971683
2009,"Congo, Dem. Rep.",18648373312
2009,"Congo, Rep.",9684321633
2009,Colombia,2.32E+11
2009,Comoros,905341090.6
2009,Costa Rica,30745712007
2009,Cuba,62080000000
2009,Cyprus,25945391775
2009,Czech Republic,2.07E+11
2009,Germany,3.40E+12
2009,Djibouti,1049110685
2009,Dominica,489074074.1
2009,Denmark,3.21E+11
2009,Dominican Republic,48261033298
2009,Algeria,1.37E+11
2009,Ecuador,62519686000
2009,Egypt,1.89E+11
2009,Eritrea,1856695551
2009,Spain,1.49E+12
2009,Estonia,19633031398
2009,Ethiopia,32437389116
2009,European Union (27),1.47E+13
2009,Finland,2.52E+11
2009,Fiji,2870624636
2009,France,2.69E+12
2009,Micronesia,280284600
2009,Gabon,12113699661
2009,United Kingdom,2.43E+12
2009,Georgia,10766836277
2009,Ghana,26048108185
2009,Guinea,6716904569
2009,Gambia,1450140386
2009,Guinea-Bissau,830126470
2009,Equatorial Guinea,15027795173
2009,Greece,3.30E+11
2009,Grenada,771275555.6
2009,Guatemala,37125943565
2009,Guyana,3165663153
2009,Honduras,14486159608
2009,Croatia,63084004705
2009,Haiti,11597014807
2009,Hungary,1.31E+11
2009,Indonesia,5.40E+11
2009,India,1.34E+12
2009,Ireland,2.36E+11
2009,Iran,4.16E+11
2009,Iraq,1.12E+11
2009,Iceland,13154414219
2009,Israel,2.08E+11
2009,Italy,2.19E+12
2009,Jamaica,12120460873
2009,Jordan,24537876056
2009,Japan,5.29E+12
2009,Kazakhstan,1.15E+11
2009,Kenya,42347217913
2009,Kyrgyz Republic,4690062255
2009,Cambodia,10401851851
2009,Kiribati,132419902
2009,St. Kitts and Nevis,747862963
2009,Kuwait,1.06E+11
2009,Lao PDR,5836138127
2009,Lebanon,35399582929
2009,Liberia,1768000000
2009,Libya,63028320702
2009,St. Lucia,1401507889
2009,Liechtenstein,4504549214
2009,Sri Lanka,42066217872
2009,Lesotho,1740830511
2009,Lithuania,37388122046
2009,Luxembourg,54252213115
2009,Latvia,26410909091
2009,Morocco,92897320376
2009,Moldova,5439422031
2009,Madagascar,9616879571
2009,Maldives,2345294875
2009,Mexico,9.00E+11
2009,Marshall Islands,149769600
2009,Mali,10232036863
2009,Malta,8696366907
2009,Myanmar,29455165595
2009,Montenegro,4159330370
2009,Mongolia,4583850368
2009,Mozambique,11914471497
2009,Mauritania,4714592493
2009,Mauritius,9128843109
2009,Malawi,6191127665
2009,Malaysia,2.02E+11
2009,Namibia,8938868165
2009,Niger,7352131669
2009,Nigeria,2.95E+11
2009,Nicaragua,8298679909
2009,Netherlands,8.68E+11
2009,Norway,3.86E+11
2009,Nepal,12854985464
2009,Nauru,9.1
2009,New Zealand,1.21E+11
2009,Oman,48388363589
2009,Pakistan,1.68E+11
2009,Panama,27116635565
2009,Peru,1.21E+11
2009,Philippines,1.76E+11
2009,Palau,187522800
2009,Papua New Guinea,11619637799
2009,Poland,4.40E+11
2009,Portugal,2.44E+11
2009,Paraguay,22355601273
2009,Qatar,97798351648
2009,Romania,1.74E+11
2009,Russia,1.22E+12
2009,Rwanda,5671332138
2009,Saudi Arabia,4.29E+11
2009,Sudan,51621044077
2009,Senegal,16145868285
2009,Singapore,1.94E+11
2009,Solomon Islands,735940409.7
2009,Sierra Leone,2453899847
2009,El Salvador,17601620000
2009,Somalia,2.6
2009,Serbia,45162894381
2009,South Sudan,12231264525
2009,Sao Tome and Principe,187820464.6
2009,Suriname,3875409836
2009,Slovak Republic,89046289247
2009,Slovenia,50368056405
2009,Sweden,4.37E+11
2009,Eswatini,3580417067
2009,Seychelles,847397850.1
2009,Syria,2.25E+11
2009,Chad,9290728773
2009,Togo,3379258565
2009,Thailand,2.82E+11
2009,Tajikistan,4979481980
2009,Turkmenistan,20214385965
2009,Timor-Leste,726882400
2009,Tonga,312377379.3
2009,Trinidad and Tobago,19172165226
2009,Tunisia,43454935940
2009,Turkey,6.49E+11
2009,Tuvalu,27101076.28
2009,Tanzania,29081425282
2009,Uganda,25127805566
2009,Ukraine,1.22E+11
2009,Uruguay,31660911277
2009,United States,1.44E+13
2009,Uzbekistan,33689223673
2009,St. Vincent and the Grenadines,674922222.2
2009,Venezuela,3.30E+11
2009,Vietnam,1.06E+11
2009,Vanuatu,592622502.4
2009,World,6.07E+13
2009,Samoa,584706020.2
2009,Yemen,25130274124
2009,South Africa,3.30E+11
2009,Zambia,15328342304
2009,Zimbabwe,9665793300
2008,Afghanistan,10109305183
2008,Angola,88538611205
2008,Albania,12881353508
2008,Andorra,4085630584
2008,United Arab Emirates,3.15E+11
2008,Argentina,3.62E+11
2008,Armenia,11662040714
2008,Antigua and Barbuda,1370070370
2008,Australia,1.06E+12
2008,Austria,4.30E+11
2008,Azerbaijan,48852482960
2008,Burundi,1611835902
2008,Belgium,5.15E+11
2008,Benin,9787735426
2008,Burkina Faso,9451436359
2008,Bangladesh,91631278239
2008,Bulgaria,54438966420
2008,Bahrain,25710904255
2008,Bahamas,10526000000
2008,Bosnia and Herzegovina,19112739398
2008,Belarus,60763483146
2008,Belize,1351338650
2008,Bolivia,16674324634
2008,Brazil,1.70E+12
2008,Barbados,4785000000
2008,Brunei,14393099069
2008,Bhutan,1227808791
2008,Botswana,10945070442
2008,Central African Republic,1985240986
2008,Canada,1.55E+12
2008,Switzerland,5.70E+11
2008,Chile,1.80E+11
2008,China,4.59E+12
2008,Cameroon,27715144580
2008,"Congo, Dem. Rep.",19788515874
2008,"Congo, Rep.",11602893043
2008,Colombia,2.42E+11
2008,Comoros,915659192.8
2008,Costa Rica,30801744881
2008,Cuba,60806300000
2008,Cyprus,27844698989
2008,Czech Republic,2.37E+11
2008,Germany,3.73E+12
2008,Djibouti,999105339.3
2008,Dominica,458188888.9
2008,Denmark,3.53E+11
2008,Dominican Republic,48122547177
2008,Algeria,1.71E+11
2008,Ecuador,61762635000
2008,Egypt,1.63E+11
2008,Eritrea,1380188800
2008,Spain,1.63E+12
2008,Estonia,24341678629
2008,Ethiopia,27066912635
2008,European Union (27),1.62E+13
2008,Finland,2.85E+11
2008,Fiji,3523185920
2008,France,2.92E+12
2008,Micronesia,263145100
2008,Gabon,15571349776
2008,United Kingdom,2.94E+12
2008,Georgia,12795076469
2008,Ghana,28678701891
2008,Guinea,6964179194
2008,Gambia,1561763437
2008,Guinea-Bissau,868154708.5
2008,Equatorial Guinea,19749893536
2008,Greece,3.54E+11
2008,Grenada,825976037
2008,Guatemala,38503862831
2008,Guyana,3025187924
2008,Honduras,13789443623
2008,Croatia,70750646248
2008,Haiti,10485225353
2008,Hungary,1.58E+11
2008,Indonesia,5.10E+11
2008,India,1.20E+12
2008,Ireland,2.74E+11
2008,Iran,4.12E+11
2008,Iraq,1.32E+11
2008,Iceland,18074622987
2008,Israel,2.17E+11
2008,Italy,2.40E+12
2008,Jamaica,13709402085
2008,Jordan,22657662393
2008,Japan,5.11E+12
2008,Kazakhstan,1.33E+11
2008,Kenya,35895153328
2008,Kyrgyz Republic,5139957785
2008,Cambodia,10351914093
2008,Kiribati,141042610.3
2008,St. Kitts and Nevis,751233333.3
2008,Kuwait,1.47E+11
2008,Lao PDR,5446434032
2008,Lebanon,29118916106
2008,Liberia,1726000000
2008,Libya,87140405361
2008,St. Lucia,1437731111
2008,Liechtenstein,5081432924
2008,Sri Lanka,40713812310
2008,Lesotho,1766825413
2008,Lithuania,47797551588
2008,Luxembourg,58604890874
2008,Latvia,35854274229
2008,Morocco,92507257784
2008,Moldova,6054849885
2008,Madagascar,10725137931
2008,Maldives,2271646188
2008,Mexico,1.11E+12
2008,Marshall Islands,151898900
2008,Mali,9838404005
2008,Malta,9090406767
2008,Myanmar,23013015832
2008,Montenegro,4545674528
2008,Mongolia,5623216449
2008,Mozambique,12556195189
2008,Mauritania,5206444407
2008,Mauritius,9990370016
2008,Malawi,5321012192
2008,Malaysia,2.31E+11
2008,Namibia,8607475308
2008,Niger,7297600897
2008,Nigeria,3.39E+11
2008,Nicaragua,8496946608
2008,Netherlands,9.48E+11
2008,Norway,4.62E+11
2008,Nepal,12545438605
2008,Nauru,20.4
2008,New Zealand,1.33E+11
2008,Oman,60905452536
2008,Pakistan,1.70E+11
2008,Panama,25155888616
2008,Peru,1.21E+11
2008,Philippines,1.82E+11
2008,Palau,198283900
2008,Papua New Guinea,11670840932
2008,Poland,5.34E+11
2008,Portugal,2.62E+11
2008,Paraguay,24616537618
2008,Qatar,1.15E+11
2008,Romania,2.14E+11
2008,Russia,1.66E+12
2008,Rwanda,5177015141
2008,Saudi Arabia,5.20E+11
2008,Sudan,64831935604
2008,Senegal,16853991177
2008,Singapore,1.94E+11
2008,Solomon Islands,699157191
2008,Sierra Leone,2505458705
2008,El Salvador,17986890000
2008,Somalia,2.6
2008,Serbia,52194221469
2008,South Sudan,14586253383
2008,Sao Tome and Principe,188021190.6
2008,Suriname,3532969035
2008,Slovak Republic,1.00E+11
2008,Slovenia,55552509155
2008,Sweden,5.18E+11
2008,Eswatini,3294093485
2008,Seychelles,967199594
2008,Syria,2.18E+11
2008,Chad,10393834721
2008,Togo,3323677130
2008,Thailand,2.91E+11
2008,Tajikistan,5161337336
2008,Turkmenistan,19271523179
2008,Timor-Leste,648492700
2008,Tonga,344428609
2008,Trinidad and Tobago,27871587350
2008,Tunisia,44860969077
2008,Turkey,7.70E+11
2008,Tuvalu,30290219.76
2008,Tanzania,27941177435
2008,Uganda,14440404021
2008,Ukraine,1.88E+11
2008,Uruguay,30366213119
2008,United States,1.47E+13
2008,Uzbekistan,29549438884
2008,St. Vincent and the Grenadines,695429629.6
2008,Venezuela,3.16E+11
2008,Vietnam,99130304099
2008,Vanuatu,590748237
2008,World,6.40E+13
2008,Samoa,619260721.6
2008,Yemen,26910851362
2008,South Africa,3.16E+11
2008,Zambia,17910858638
2008,Zimbabwe,4415702800
2007,Afghanistan,9747879532
2007,Angola,65266452081
2007,Albania,10677324144
2007,Andorra,3952600602
2007,United Arab Emirates,2.58E+11
2007,Argentina,2.88E+11
2007,Armenia,9206301700
2007,Antigua and Barbuda,1312759259
2007,Australia,8.54E+11
2007,Austria,3.89E+11
2007,Azerbaijan,33050343783
2007,Burundi,1356199365
2007,Belgium,4.70E+11
2007,Benin,8169048690
2007,Burkina Faso,7625723124
2007,Bangladesh,79611888213
2007,Bulgaria,44405101470
2007,Bahrain,21730000000
2007,Bahamas,10618340000
2007,Bosnia and Herzegovina,15778767411
2007,Belarus,45277399814
2007,Belize,1271598050
2007,Bolivia,13120183157
2007,Brazil,1.40E+12
2007,Barbados,4674000000
2007,Brunei,12247694247
2007,Bhutan,1168308517
2007,Botswana,10939053365
2007,Central African Republic,1697565949
2007,Canada,1.47E+12
2007,Switzerland,4.94E+11
2007,Chile,1.74E+11
2007,China,3.55E+12
2007,Cameroon,23928251334
2007,"Congo, Dem. Rep.",16737071816
2007,"Congo, Rep.",8771102025
2007,Colombia,2.06E+11
2007,Comoros,795673128.5
2007,Costa Rica,26884700345
2007,Cuba,58603900000
2007,Cyprus,23968764030
2007,Czech Republic,1.90E+11
2007,Germany,3.42E+12
2007,Djibouti,847918929.1
2007,Dominica,421374074.1
2007,Denmark,3.19E+11
2007,Dominican Republic,43965420072
2007,Algeria,1.35E+11
2007,Ecuador,51007777000
2007,Egypt,1.30E+11
2007,Eritrea,1317974491
2007,Spain,1.47E+12
2007,Estonia,22449129483
2007,Ethiopia,19707616773
2007,European Union (27),1.47E+13
2007,Finland,2.56E+11
2007,Fiji,3378314600
2007,France,2.66E+12
2007,Micronesia,256787200
2007,Gabon,12455410056
2007,United Kingdom,3.11E+12
2007,Georgia,10172882371
2007,Ghana,24827844950
2007,Guinea,6281917656
2007,Gambia,1279704745
2007,Guinea-Bissau,696910810.9
2007,Equatorial Guinea,13071718759
2007,Greece,3.18E+11
2007,Grenada,758683592.6
2007,Guatemala,33567868323
2007,Guyana,2730971150
2007,Honduras,12275500116
2007,Croatia,60542673503
2007,Haiti,9522763154
2007,Hungary,1.40E+11
2007,Indonesia,4.32E+11
2007,India,1.22E+12
2007,Ireland,2.70E+11
2007,Iran,3.50E+11
2007,Iraq,88837055195
2007,Iceland,21652505597
2007,Israel,1.79E+11
2007,Italy,2.21E+12
2007,Jamaica,12799593018
2007,Jordan,17110587447
2007,Japan,4.58E+12
2007,Kazakhstan,1.05E+11
2007,Kenya,31958195182
2007,Kyrgyz Republic,3802566171
2007,Cambodia,8639235842
2007,Kiribati,132671743
2007,St. Kitts and Nevis,689285185.2
2007,Kuwait,1.15E+11
2007,Lao PDR,4223152219
2007,Lebanon,24827355015
2007,Liberia,1373000000
2007,Libya,67516236338
2007,St. Lucia,1336088815
2007,Liechtenstein,4601299567
2007,Sri Lanka,32350248411
2007,Lesotho,1682016947
2007,Lithuania,39697891352
2007,Luxembourg,51521903915
2007,Latvia,31054350978
2007,Morocco,79041294874
2007,Moldova,4401189466
2007,Madagascar,8524620739
2007,Maldives,1868383461
2007,Mexico,1.05E+12
2007,Marshall Islands,148346700
2007,Mali,8156532186
2007,Malta,7925371475
2007,Myanmar,15591182545
2007,Montenegro,3680711744
2007,Mongolia,4234999823
2007,Mozambique,10450843291
2007,Mauritania,4346206809
2007,Mauritius,8150138757
2007,Malawi,4432937046
2007,Malaysia,1.94E+11
2007,Namibia,8839526452
2007,Niger,5731485267
2007,Nigeria,2.76E+11
2007,Nicaragua,7423421958
2007,Netherlands,8.47E+11
2007,Norway,4.01E+11
2007,Nepal,10325618017
2007,Nauru,2.22E+12
2007,New Zealand,1.37E+11
2007,Oman,42085379454
2007,Pakistan,1.52E+11
2007,Panama,21295984230
2007,Peru,1.02E+11
2007,Philippines,1.56E+11
2007,Palau,198897700
2007,Papua New Guinea,9545177014
2007,Poland,4.29E+11
2007,Portugal,2.40E+11
2007,Paraguay,17856270473
2007,Qatar,79712087912
2007,Romania,1.75E+11
2007,Russia,1.30E+12
2007,Rwanda,4068065929
2007,Saudi Arabia,4.16E+11
2007,Sudan,59440139775
2007,Senegal,13994218939
2007,Singapore,1.81E+11
2007,Solomon Islands,620230005.2
2007,Sierra Leone,2158496873
2007,El Salvador,17011750000
2007,Somalia,2.6
2007,Serbia,43170990616
2007,South Sudan,6.5
2007,Sao Tome and Principe,149146423.1
2007,Suriname,2936612022
2007,Slovak Republic,86454081577
2007,Slovenia,48006372844
2007,Sweden,4.91E+11
2007,Eswatini,3469363996
2007,Seychelles,1033561654
2007,Syria,1.80E+11
2007,Chad,8650138069
2007,Togo,2662612348
2007,Thailand,2.63E+11
2007,Tajikistan,3719506173
2007,Turkmenistan,12664165103
2007,Timor-Leste,542795400
2007,Tonga,298513956.2
2007,Trinidad and Tobago,21641620050
2007,Tunisia,38914078352
2007,Turkey,6.81E+11
2007,Tuvalu,27030374.03
2007,Tanzania,21843529025
2007,Uganda,11902564401
2007,Ukraine,1.49E+11
2007,Uruguay,23410572634
2007,United States,1.45E+13
2007,Uzbekistan,22311393928
2007,St. Vincent and the Grenadines,684444444.4
2007,Venezuela,2.30E+11
2007,Vietnam,77414425532
2007,Vanuatu,516392922.5
2007,World,5.83E+13
2007,Samoa,570469196.7
2007,Yemen,21650532264
2007,South Africa,3.33E+11
2007,Zambia,14056957976
2007,Zimbabwe,5291950100
2006,Afghanistan,6971285595
2006,Angola,52381006892
2006,Albania,8896072919
2006,Andorra,3456442103
2006,United Arab Emirates,2.22E+11
2006,Argentina,2.33E+11
2006,Armenia,6384451606
2006,Antigua and Barbuda,1157662963
2006,Australia,7.48E+11
2006,Austria,3.36E+11
2006,Azerbaijan,20982986344
2006,Burundi,1273375020
2006,Belgium,4.08E+11
2006,Benin,7034111651
2006,Burkina Faso,6547420134
2006,Bangladesh,71819083684
2006,Bulgaria,34379808889
2006,Bahrain,18504760638
2006,Bahamas,10167250000
2006,Bosnia and Herzegovina,12864610863
2006,Belarus,36954312354
2006,Belize,1210603750
2006,Bolivia,11451869165
2006,Brazil,1.11E+12
2006,Barbados,4217500000
2006,Brunei,11470703002
2006,Bhutan,874989895.6
2006,Botswana,10137883299
2006,Central African Republic,1460561215
2006,Canada,1.32E+12
2006,Switzerland,4.44E+11
2006,Chile,1.55E+11
2006,China,2.75E+12
2006,Cameroon,20910513975
2006,"Congo, Dem. Rep.",14451902468
2006,"Congo, Rep.",8065134528
2006,Colombia,1.62E+11
2006,Comoros,698431827.7
2006,Costa Rica,22715540324
2006,Cuba,52742800000
2006,Cyprus,20072786351
2006,Czech Republic,1.56E+11
2006,Germany,2.99E+12
2006,Djibouti,768873684
2006,Dominica,390251851.9
2006,Denmark,2.83E+11
2006,Dominican Republic,37879869898
2006,Algeria,1.17E+11
2006,Ecuador,46802044000
2006,Egypt,1.07E+11
2006,Eritrea,1211161880
2006,Spain,1.26E+12
2006,Estonia,17022870405
2006,Ethiopia,15280861835
2006,European Union (27),1.27E+13
2006,Finland,2.17E+11
2006,Fiji,3076305453
2006,France,2.32E+12
2006,Micronesia,253541900
2006,Gabon,10327598801
2006,United Kingdom,2.72E+12
2006,Georgia,7745394293
2006,Ghana,20440893017
2006,Guinea,4220019243
2006,Gambia,1054113427
2006,Guinea-Bissau,592365688.1
2006,Equatorial Guinea,10086528699
2006,Greece,2.73E+11
2006,Grenada,698700666.7
2006,Guatemala,29744368111
2006,Guyana,2379818383
2006,Honduras,10841724917
2006,Croatia,50860788253
2006,Haiti,7518107787
2006,Hungary,1.16E+11
2006,Indonesia,3.65E+11
2006,India,9.40E+11
2006,Ireland,2.32E+11
2006,Iran,2.66E+11
2006,Iraq,65140147197
2006,Iceland,17465318552
2006,Israel,1.54E+11
2006,Italy,1.95E+12
2006,Jamaica,11930171468
2006,Jordan,15056929760
2006,Japan,4.60E+12
2006,Kazakhstan,81003884545
2006,Kenya,25825524821
2006,Kyrgyz Republic,2834168889
2006,Cambodia,7274595707
2006,Kiribati,110234939.8
2006,St. Kitts and Nevis,644411111.1
2006,Kuwait,1.02E+11
2006,Lao PDR,3455031448
2006,Lebanon,22022709852
2006,Liberia,1119000000
2006,Libya,54961936663
2006,St. Lucia,1268319185
2006,Liechtenstein,4000239273
2006,Sri Lanka,28279814925
2006,Lesotho,1800105590
2006,Lithuania,30183575104
2006,Luxembourg,42874225317
2006,Latvia,21570076499
2006,Morocco,68640825481
2006,Moldova,3408244549
2006,Madagascar,6395712392
2006,Maldives,1575200391
2006,Mexico,9.75E+11
2006,Marshall Islands,141515800
2006,Mali,6905876385
2006,Malta,6778324050
2006,Myanmar,11863016315
2006,Montenegro,2721903149
2006,Mongolia,3414055566
2006,Mozambique,9176889070
2006,Mauritania,3919577286
2006,Mauritius,7028803366
2006,Malawi,3998020177
2006,Malaysia,1.63E+11
2006,Namibia,8001779551
2006,Niger,4756361480
2006,Nigeria,2.36E+11
2006,Nicaragua,6763418646
2006,Netherlands,7.33E+11
2006,Norway,3.46E+11
2006,Nepal,9043715356
2006,Nauru,8.3
2006,New Zealand,1.12E+11
2006,Oman,37215779714
2006,Pakistan,1.37E+11
2006,Panama,18141666300
2006,Peru,88643193062
2006,Philippines,1.28E+11
2006,Palau,192382400
2006,Papua New Guinea,8355006707
2006,Poland,3.45E+11
2006,Portugal,2.09E+11
2006,Paraguay,13429430050
2006,Qatar,60882142857
2006,Romania,1.22E+11
2006,Russia,9.90E+11
2006,Rwanda,3317951468
2006,Saudi Arabia,3.77E+11
2006,Sudan,45264519503
2006,Senegal,11697918803
2006,Singapore,1.49E+11
2006,Solomon Islands,538668769.3
2006,Sierra Leone,1885112202
2006,El Salvador,15999890000
2006,Somalia,2.4
2006,Serbia,32482070360
2006,South Sudan,11.8
2006,Sao Tome and Principe,142775597.3
2006,Suriname,2626380435
2006,Slovak Republic,70708098106
2006,Slovenia,39481045038
2006,Sweden,4.23E+11
2006,Eswatini,3291353836
2006,Seychelles,1016418229
2006,Syria,1.54E+11
2006,Chad,7428701809
2006,Togo,2351584608
2006,Thailand,2.22E+11
2006,Tajikistan,2830220713
2006,Turkmenistan,10276674365
2006,Timor-Leste,453805100
2006,Tonga,292232117.1
2006,Trinidad and Tobago,18369361094
2006,Tunisia,34377310293
2006,Turkey,5.57E+11
2006,Tuvalu,22902861.45
2006,Tanzania,18649590248
2006,Uganda,9977647645
2006,Ukraine,1.12E+11
2006,Uruguay,19579457966
2006,United States,1.38E+13
2006,Uzbekistan,17330833853
2006,St. Vincent and the Grenadines,610929629.6
2006,Venezuela,1.83E+11
2006,Vietnam,66371664817
2006,Vanuatu,439376794.1
2006,World,5.18E+13
2006,Samoa,505832439.8
2006,Yemen,19061978586
2006,South Africa,3.04E+11
2006,Zambia,12756858899
2006,Zimbabwe,5443896500
2005,Afghanistan,6209137625
2005,Angola,36970918699
2005,Albania,8052073539
2005,Andorra,3159905484
2005,United Arab Emirates,1.81E+11
2005,Argentina,1.99E+11
2005,Armenia,4900469950
2005,Antigua and Barbuda,1022962963
2005,Australia,6.95E+11
2005,Austria,3.16E+11
2005,Azerbaijan,13245716099
2005,Burundi,1117113046
2005,Belgium,3.86E+11
2005,Benin,6567654494
2005,Burkina Faso,6146352742
2005,Bangladesh,69442943089
2005,Bulgaria,29869283400
2005,Bahrain,15968723404
2005,Bahamas,9836200000
2005,Bosnia and Herzegovina,11222953335
2005,Belarus,30207567317
2005,Belize,1102564900
2005,Bolivia,9549077869
2005,Brazil,8.92E+11
2005,Barbados,3819500000
2005,Brunei,9531402848
2005,Bhutan,796938120.2
2005,Botswana,9918907108
2005,Central African Republic,1337362392
2005,Canada,1.17E+12
2005,Switzerland,4.21E+11
2005,Chile,1.23E+11
2005,China,2.29E+12
2005,Cameroon,19509850837
2005,"Congo, Dem. Rep.",11964484668
2005,"Congo, Rep.",6647357442
2005,Colombia,1.46E+11
2005,Comoros,653845122.9
2005,Costa Rica,20040642477
2005,Cuba,42643836100
2005,Cyprus,18433411267
2005,Czech Republic,1.37E+11
2005,Germany,2.85E+12
2005,Djibouti,708633194.7
2005,Dominica,364255555.6
2005,Denmark,2.64E+11
2005,Dominican Republic,35777570136
2005,Algeria,1.03E+11
2005,Ecuador,41507085000
2005,Egypt,89600665557
2005,Eritrea,1098425901
2005,Spain,1.15E+12
2005,Estonia,14106790200
2005,Ethiopia,12401139454
2005,European Union (27),1.19E+13
2005,Finland,2.05E+11
2005,Fiji,2980484920
2005,France,2.20E+12
2005,Micronesia,250281900
2005,Gabon,9582783318
2005,United Kingdom,2.54E+12
2005,Georgia,6410823633
2005,Ghana,10744675210
2005,Guinea,2937071767
2005,Gambia,1027702254
2005,Guinea-Bissau,587029054.4
2005,Equatorial Guinea,8217369093
2005,Greece,2.48E+11
2005,Grenada,695555555.6
2005,Guatemala,26783543667
2005,Guyana,824880550.3
2005,Honduras,9672023050
2005,Croatia,45780237257
2005,Haiti,7184064657
2005,Hungary,1.13E+11
2005,Indonesia,2.86E+11
2005,India,8.20E+11
2005,Ireland,2.12E+11
2005,Iran,2.26E+11
2005,Iraq,49954890353
2005,Iceland,16852963067
2005,Israel,1.43E+11
2005,Italy,1.86E+12
2005,Jamaica,11243868486
2005,Jordan,12588665303
2005,Japan,4.83E+12
2005,Kazakhstan,57123671734
2005,Kenya,18737897745
2005,Kyrgyz Republic,2460248026
2005,Cambodia,6293046162
2005,Kiribati,112133944.3
2005,St. Kitts and Nevis,547203703.7
2005,Kuwait,80798630137
2005,Lao PDR,2735558726
2005,Lebanon,21497336499
2005,Liberia,949000000
2005,Libya,47334148578
2005,St. Lucia,1135555556
2005,Liechtenstein,3659251526
2005,Sri Lanka,24405791045
2005,Lesotho,1682350935
2005,Lithuania,26097677572
2005,Luxembourg,37658234050
2005,Latvia,17003459863
2005,Morocco,62343022651
2005,Moldova,2988348836
2005,Madagascar,5859269849
2005,Maldives,1163362438
2005,Mexico,8.77E+11
2005,Marshall Islands,136559500
2005,Mali,6247496491
2005,Malta,6416184181
2005,Myanmar,10588433069
2005,Montenegro,2257174481
2005,Mongolia,2523471532
2005,Mozambique,8542070110
2005,Mauritania,2936019526
2005,Mauritius,6488750453
2005,Malawi,3655909664
2005,Malaysia,1.44E+11
2005,Namibia,7248394160
2005,Niger,4383315657
2005,Nigeria,1.76E+11
2005,Nicaragua,6321335612
2005,Netherlands,6.85E+11
2005,Norway,3.09E+11
2005,Nepal,8130258041
2005,Nauru,4.00E+09
2005,New Zealand,1.15E+11
2005,Oman,31081991678
2005,Pakistan,1.20E+11
2005,Panama,16374393900
2005,Peru,76060606061
2005,Philippines,1.07E+11
2005,Palau,190452900
2005,Papua New Guinea,4865892972
2005,Poland,3.06E+11
2005,Portugal,1.97E+11
2005,Paraguay,10737500188
2005,Qatar,44530494505
2005,Romania,98452791983
2005,Russia,7.64E+11
2005,Rwanda,2932213575
2005,Saudi Arabia,3.28E+11
2005,Sudan,35182105414
2005,Senegal,11009032665
2005,Singapore,1.28E+11
2005,Solomon Islands,476898763.6
2005,Sierra Leone,1650494367
2005,El Salvador,14698000000
2005,Somalia,3
2005,Serbia,27683225959
2005,South Sudan,8.6
2005,Sao Tome and Principe,136450274.7
2005,Suriname,1793388732
2005,Slovak Republic,62785305310
2005,Slovenia,36206395971
2005,Sweden,3.92E+11
2005,Eswatini,3178126492
2005,Seychelles,919103254.5
2005,Syria,1.34E+11
2005,Chad,6649307057
2005,Togo,2281482855
2005,Thailand,1.89E+11
2005,Tajikistan,2312327536
2005,Turkmenistan,8103901996
2005,Timor-Leste,462283600
2005,Tonga,261797606.1
2005,Trinidad and Tobago,15982282462
2005,Tunisia,32273007554
2005,Turkey,5.06E+11
2005,Tuvalu,21839098.89
2005,Tanzania,18399046025
2005,Uganda,9239221859
2005,Ukraine,89239370109
2005,Uruguay,17362857684
2005,United States,1.30E+13
2005,Uzbekistan,14307509839
2005,St. Vincent and the Grenadines,550729629.6
2005,Venezuela,1.46E+11
2005,Vietnam,57633255618
2005,Vanuatu,394962552.3
2005,World,4.78E+13
2005,Samoa,465568018.3
2005,Yemen,16746344766
2005,South Africa,2.89E+11
2005,Zambia,8331870169
2005,Zimbabwe,5755215200
2004,Afghanistan,5226778809
2004,Angola,23552052408
2004,Albania,7184685782
2004,Andorra,2894921778
2004,United Arab Emirates,1.48E+11
2004,Argentina,1.65E+11
2004,Armenia,3576615240
2004,Antigua and Barbuda,919729629.6
2004,Australia,6.14E+11
2004,Austria,3.01E+11
2004,Azerbaijan,8680370408
2004,Burundi,915257323.4
2004,Belgium,3.69E+11
2004,Benin,6190270756
2004,Burkina Faso,5451688868
2004,Bangladesh,65108544250
2004,Bulgaria,26157894737
2004,Bahrain,13150159574
2004,Bahamas,9055290000
2004,Bosnia and Herzegovina,10157553968
2004,Belarus,23144351852
2004,Belize,1051386600
2004,Bolivia,8773451739
2004,Brazil,6.69E+11
2004,Barbados,3444500000
2004,Brunei,7872333215
2004,Bhutan,682523857
2004,Botswana,8957467707
2004,Central African Republic,1270080251
2004,Canada,1.03E+12
2004,Switzerland,4.06E+11
2004,Chile,99210392858
2004,China,1.96E+12
2004,Cameroon,18826215278
2004,"Congo, Dem. Rep.",10297483481
2004,"Congo, Rep.",4656975223
2004,Colombia,1.17E+11
2004,Comoros,633706149.3
2004,Costa Rica,18610594846
2004,Cuba,38203000000
2004,Cyprus,17320552500
2004,Czech Republic,1.20E+11
2004,Germany,2.81E+12
2004,Djibouti,666072101.8
2004,Dominica,367200000
2004,Denmark,2.51E+11
2004,Dominican Republic,22322395368
2004,Algeria,85332581189
2004,Ecuador,36591661000
2004,Egypt,78782467532
2004,Eritrea,1109054005
2004,Spain,1.07E+12
2004,Estonia,12145911801
2004,Ethiopia,10131187261
2004,European Union (27),1.14E+13
2004,Finland,1.97E+11
2004,Fiji,2708078477
2004,France,2.12E+12
2004,Micronesia,240236000
2004,Gabon,7770219480
2004,United Kingdom,2.42E+12
2004,Georgia,5125365192
2004,Ghana,8881368538
2004,Guinea,3635458133
2004,Gambia,961900106.9
2004,Guinea-Bissau,532062927.4
2004,Equatorial Guinea,4410764339
2004,Greece,2.41E+11
2004,Grenada,599118592.6
2004,Guatemala,23577286227
2004,Guyana,787814379.2
2004,Honduras,8772169959
2004,Croatia,41958833541
2004,Haiti,6036959915
2004,Hungary,1.04E+11
2004,Indonesia,2.57E+11
2004,India,7.09E+11
2004,Ireland,1.94E+11
2004,Iran,1.90E+11
2004,Iraq,36627901762
2004,Iceland,13825302536
2004,Israel,1.36E+11
2004,Italy,1.80E+12
2004,Jamaica,10174664854
2004,Jordan,11411390409
2004,Japan,4.89E+12
2004,Kazakhstan,43151647003
2004,Kenya,16095337094
2004,Kyrgyz Republic,2211534585
2004,Cambodia,5337833248
2004,Kiribati,102367039.3
2004,St. Kitts and Nevis,506900000
2004,Kuwait,59439090601
2004,Lao PDR,2366398120
2004,Lebanon,21159827992
2004,Liberia,897000000
2004,Libya,33122307692
2004,St. Lucia,1066666667
2004,Liechtenstein,3454362686
2004,Sri Lanka,20662525941
2004,Lesotho,1511236656
2004,Lithuania,22627507452
2004,Luxembourg,35000480507
2004,Latvia,14435700533
2004,Morocco,59626020162
2004,Moldova,2598249556
2004,Madagascar,5064732716
2004,Maldives,1226829563
2004,Mexico,7.82E+11
2004,Marshall Islands,132440200
2004,Mali,5454228771
2004,Malta,6098092551
2004,Myanmar,9390855298
2004,Montenegro,2073234418
2004,Mongolia,1992066808
2004,Mozambique,7631120533
2004,Mauritania,2362501023
2004,Mauritius,6578844486
2004,Malawi,3476094499
2004,Malaysia,1.25E+11
2004,Namibia,6609198833
2004,Niger,3760443966
2004,Nigeria,1.36E+11
2004,Nicaragua,5795568205
2004,Netherlands,6.57E+11
2004,Norway,2.65E+11
2004,Nepal,7273938315
2004,Nauru,4.30E+10
2004,New Zealand,1.04E+11
2004,Oman,24763712874
2004,Pakistan,1.08E+11
2004,Panama,15013381700
2004,Peru,66768703498
2004,Philippines,95002028505
2004,Palau,165186200
2004,Papua New Guinea,3927157867
2004,Poland,2.55E+11
2004,Portugal,1.89E+11
2004,Paraguay,9624440836
2004,Qatar,31734065934
2004,Romania,74972669057
2004,Russia,5.91E+11
2004,Rwanda,2375281627
2004,Saudi Arabia,2.59E+11
2004,Sudan,26645490675
2004,Senegal,10076817278
2004,Singapore,1.15E+11
2004,Solomon Islands,397611126.7
2004,Sierra Leone,1448536631
2004,El Salvador,13724810900
2004,Somalia,3
2004,Serbia,26141968161
2004,South Sudan,5.1
2004,Sao Tome and Principe,114582561.6
2004,Suriname,1484092538
2004,Slovak Republic,57332015148
2004,Slovenia,34414784504
2004,Sweden,3.85E+11
2004,Eswatini,2770082792
2004,Seychelles,839319927.3
2004,Syria,1.13E+11
2004,Chad,4422855929
2004,Togo,2259992642
2004,Thailand,1.73E+11
2004,Tajikistan,2076182461
2004,Turkmenistan,6838351088
2004,Timor-Leste,440764600
2004,Tonga,230657965.5
2004,Trinidad and Tobago,13280275123
2004,Tunisia,31183059012
2004,Turkey,4.09E+11
2004,Tuvalu,21534931.61
2004,Tanzania,16675948415
2004,Uganda,7939487474
2004,Ukraine,67220154164
2004,Uruguay,13686329890
2004,United States,1.22E+13
2004,Uzbekistan,12030023548
2004,St. Vincent and the Grenadines,521974074.1
2004,Venezuela,1.12E+11
2004,Vietnam,45427854693
2004,Vanuatu,364996869.1
2004,World,4.41E+13
2004,Samoa,420320176.4
2004,Yemen,13872791659
2004,South Africa,2.56E+11
2004,Zambia,6221077675
2004,Zimbabwe,5805598400
2003,Afghanistan,4515558808
2003,Angola,17812705294
2003,Albania,5611496257
2003,Andorra,2361726862
2003,United Arab Emirates,1.24E+11
2003,Argentina,1.28E+11
2003,Armenia,2807061009
2003,Antigua and Barbuda,856396296.3
2003,Australia,4.67E+11
2003,Austria,2.62E+11
2003,Azerbaijan,7276753895
2003,Burundi,784654423.6
2003,Belgium,3.17E+11
2003,Benin,5349258334
2003,Burkina Faso,4740768355
2003,Bangladesh,60158929188
2003,Bulgaria,21144983552
2003,Bahrain,11074813830
2003,Bahamas,8870090000
2003,Bosnia and Herzegovina,8498560902
2003,Belarus,17827791321
2003,Belize,983575600
2003,Bolivia,8082364868
2003,Brazil,5.58E+11
2003,Barbados,3209500000
2003,Brunei,6557333085
2003,Bhutan,604041957.9
2003,Botswana,7511582173
2003,Central African Republic,1139754799
2003,Canada,8.96E+11
2003,Switzerland,3.63E+11
2003,Chile,75643459840
2003,China,1.66E+12
2003,Cameroon,15970315751
2003,"Congo, Dem. Rep.",8937567060
2003,"Congo, Rep.",3503723245
2003,Colombia,94641378693
2003,Comoros,546885185
2003,Costa Rica,17271760507
2003,Cuba,35901200000
2003,Cyprus,14547325028
2003,Czech Republic,1.00E+11
2003,Germany,2.50E+12
2003,Djibouti,622044665.5
2003,Dominica,343311111.1
2003,Denmark,2.18E+11
2003,Dominican Republic,21403167848
2003,Algeria,67863828413
2003,Ecuador,32432858000
2003,Egypt,80288461538
2003,Eritrea,870247703.2
2003,Spain,9.05E+11
2003,Estonia,9874013098
2003,Ethiopia,8623691300
2003,European Union (27),9.91E+12
2003,Finland,1.71E+11
2003,Fiji,2300453634
2003,France,1.84E+12
2003,Micronesia,245432900
2003,Gabon,6511903657
2003,United Kingdom,2.06E+12
2003,Georgia,3991284895
2003,Ghana,7632406553
2003,Guinea,3446441698
2003,Gambia,487038821.6
2003,Guinea-Bissau,477458598.7
2003,Equatorial Guinea,2484745935
2003,Greece,2.02E+11
2003,Grenada,591018407.4
2003,Guatemala,21576351799
2003,Guyana,743064076.8
2003,Honduras,8140278401
2003,Croatia,34985749883
2003,Haiti,4826827577
2003,Hungary,85302003908
2003,Indonesia,2.35E+11
2003,India,6.08E+11
2003,Ireland,1.64E+11
2003,Iran,1.54E+11
2003,Iraq,21921569479
2003,Iceland,11429333038
2003,Israel,1.27E+11
2003,Italy,1.57E+12
2003,Jamaica,9430230564
2003,Jordan,10195660790
2003,Japan,4.52E+12
2003,Kazakhstan,30833699703
2003,Kenya,14904517650
2003,Kyrgyz Republic,1919008090
2003,Cambodia,4658246918
2003,Kiribati,90231856.8
2003,St. Kitts and Nevis,469869869.9
2003,Kuwait,47876510067
2003,Lao PDR,2023324407
2003,Lebanon,20082918740
2003,Liberia,748000000
2003,Libya,26265625000
2003,St. Lucia,987407407.4
2003,Liechtenstein,3070691320
2003,Sri Lanka,18881765437
2003,Lesotho,1157832935
2003,Lithuania,18781721376
2003,Luxembourg,29601904063
2003,Latvia,11771975157
2003,Morocco,52064058834
2003,Moldova,1980907435
2003,Madagascar,6372498720
2003,Maldives,1052121055
2003,Mexico,7.29E+11
2003,Marshall Islands,131398500
2003,Mali,4714051055
2003,Malta,5448415500
2003,Myanmar,7754647428
2003,Montenegro,1707710053
2003,Mongolia,1595297356
2003,Mozambique,6303391144
2003,Mauritania,2051147607
2003,Mauritius,5816553827
2003,Malawi,3208837077
2003,Malaysia,1.10E+11
2003,Namibia,4926471294
2003,Niger,3394084885
2003,Nigeria,1.05E+11
2003,Nicaragua,5322454926
2003,Netherlands,5.79E+11
2003,Norway,2.29E+11
2003,Nepal,6330473097
2003,Nauru,0.3
2003,New Zealand,88250885550
2003,Oman,21633708192
2003,Pakistan,91760542940
2003,Panama,13693981200
2003,Peru,58731030122
2003,Philippines,87039145965
2003,Palau,153963200
2003,Papua New Guinea,3536411824
2003,Poland,2.18E+11
2003,Portugal,1.65E+11
2003,Paraguay,7691367471
2003,Qatar,23533791209
2003,Romania,57806506024
2003,Russia,4.30E+11
2003,Rwanda,2137093489
2003,Saudi Arabia,2.16E+11
2003,Sudan,21355576673
2003,Senegal,8768721956
2003,Singapore,97645448284
2003,Solomon Islands,352522682.2
2003,Sierra Leone,1385810072
2003,El Salvador,13243892200
2003,Somalia,3.5
2003,Serbia,22482365322
2003,South Sudan,7.1
2003,Sao Tome and Principe,102085583.5
2003,Suriname,1274190311
2003,Slovak Republic,46816589165
2003,Slovenia,29634713641
2003,Sweden,3.34E+11
2003,Eswatini,2197612701
2003,Seychelles,705704816
2003,Syria,95693808463
2003,Chad,2742815195
2003,Togo,2115836353
2003,Thailand,1.52E+11
2003,Tajikistan,1555301496
2003,Turkmenistan,5977560877
2003,Timor-Leste,490439100
2003,Tonga,202246959.7
2003,Trinidad and Tobago,11305459802
2003,Tunisia,27453007373
2003,Turkey,3.15E+11
2003,Tuvalu,18231078.54
2003,Tanzania,15224257698
2003,Uganda,6606884391
2003,Ukraine,52010238716
2003,Uruguay,12045631093
2003,United States,1.15E+13
2003,Uzbekistan,10134453435
2003,St. Vincent and the Grenadines,481807407.4
2003,Venezuela,83620628582
2003,Vietnam,39552513316
2003,Vanuatu,314471328.1
2003,World,3.91E+13
2003,Samoa,338838639.4
2003,Yemen,11777966673
2003,South Africa,1.97E+11
2003,Zambia,4901839731
2003,Zimbabwe,5727591800
2002,Afghanistan,4055179566
2002,Angola,15285594828
2002,Albania,4348068242
2002,Andorra,1755910032
2002,United Arab Emirates,1.10E+11
2002,Argentina,97724004252
2002,Armenia,2376335048
2002,Antigua and Barbuda,814381481.5
2002,Australia,3.95E+11
2002,Austria,2.13E+11
2002,Azerbaijan,6235856820
2002,Burundi,825394490.2
2002,Belgium,2.57E+11
2002,Benin,4194342849
2002,Burkina Faso,3622350204
2002,Bangladesh,54724081491
2002,Bulgaria,16402846413
2002,Bahrain,9593510638
2002,Bahamas,8881160000
2002,Bosnia and Herzegovina,6728771314
2002,Belarus,14594249023
2002,Belize,925197950
2002,Bolivia,7905485216
2002,Brazil,5.10E+11
2002,Barbados,3106500000
2002,Brunei,5843329108
2002,Bhutan,520849551.5
2002,Botswana,5438857107
2002,Central African Republic,991387870.1
2002,Canada,7.61E+11
2002,Switzerland,3.10E+11
2002,Chile,69736811435
2002,China,1.47E+12
2002,Cameroon,12417251816
2002,"Congo, Dem. Rep.",8728038525
2002,"Congo, Rep.",3034251042
2002,Colombia,97963003805
2002,Comoros,425964697.4
2002,Costa Rica,16578820687
2002,Cuba,33590500000
2002,Cyprus,11420227885
2002,Czech Republic,82196001051
2002,Germany,2.07E+12
2002,Djibouti,591122039.6
2002,Dominica,333196296.3
2002,Denmark,1.79E+11
2002,Dominican Republic,27137508657
2002,Algeria,56760355865
2002,Ecuador,28548945000
2002,Egypt,85146067416
2002,Eritrea,729321366.7
2002,Spain,7.05E+11
2002,Estonia,7367975888
2002,Ethiopia,7850809498
2002,European Union (27),8.05E+12
2002,Finland,1.40E+11
2002,Fiji,1833279985
2002,France,1.49E+12
2002,Micronesia,242517200
2002,Gabon,5335451308
2002,United Kingdom,1.78E+12
2002,Georgia,3395728014
2002,Ghana,6166330136
2002,Guinea,2950198649
2002,Gambia,578236035.1
2002,Guinea-Bissau,417806667.1
2002,Equatorial Guinea,1806742742
2002,Greece,1.54E+11
2002,Grenada,540336925.9
2002,Guatemala,20444205991
2002,Guyana,726131434.7
2002,Honduras,7775251510
2002,Croatia,27074550258
2002,Haiti,6058134467
2002,Hungary,67608919144
2002,Indonesia,1.96E+11
2002,India,5.15E+11
2002,Ireland,1.28E+11
2002,Iran,1.29E+11
2002,Iraq,32928454672
2002,Iceland,9318395055
2002,Israel,1.21E+11
2002,Italy,1.27E+12
2002,Jamaica,9719017926
2002,Jordan,9582453032
2002,Japan,4.18E+12
2002,Kazakhstan,24636593223
2002,Kenya,13147743911
2002,Kyrgyz Republic,1605643105
2002,Cambodia,4284028483
2002,Kiribati,72196457.68
2002,St. Kitts and Nevis,481077373.7
2002,Kuwait,38137545245
2002,Lao PDR,1758176653
2002,Lebanon,19152238806
2002,Liberia,927000000
2002,Libya,20481889764
2002,St. Lucia,900000000
2002,Liechtenstein,2688630823
2002,Sri Lanka,16536535647
2002,Lesotho,775780697.7
2002,Lithuania,14259781159
2002,Luxembourg,23537637869
2002,Latvia,9557031605
2002,Morocco,42236836821
2002,Moldova,1661818168
2002,Madagascar,5351701534
2002,Maldives,897031250
2002,Mexico,7.72E+11
2002,Marshall Islands,131738200
2002,Mali,3908139487
2002,Malta,4470446391
2002,Myanmar,6110633154
2002,Montenegro,1284685051
2002,Mongolia,1396555720
2002,Mozambique,5677003239
2002,Mauritania,1777058593
2002,Mauritius,4841310240
2002,Malawi,3495748398
2002,Malaysia,1.01E+11
2002,Namibia,3349184760
2002,Niger,2782192987
2002,Nigeria,95385819321
2002,Nicaragua,5224213018
2002,Netherlands,4.72E+11
2002,Norway,1.96E+11
2002,Nepal,6050875807
2002,Nauru,1.00E+11
2002,New Zealand,66627729311
2002,Oman,20142756047
2002,Pakistan,79904985385
2002,Panama,12994310400
2002,Peru,54777553515
2002,Philippines,84307291974
2002,Palau,163184900
2002,Papua New Guinea,2999511040
2002,Poland,1.99E+11
2002,Portugal,1.34E+11
2002,Paraguay,7196260657
2002,Qatar,19363736264
2002,Romania,46066101951
2002,Russia,3.45E+11
2002,Rwanda,1964779921
2002,Saudi Arabia,1.90E+11
2002,Sudan,18136839087
2002,Senegal,7006402592
2002,Singapore,92537752709
2002,Solomon Islands,346431958.3
2002,Sierra Leone,1253340520
2002,El Salvador,12664190300
2002,Somalia,3.5
2002,Serbia,17120906918
2002,South Sudan,5.4
2002,Sao Tome and Principe,85171308.17
2002,Suriname,1093574468
2002,Slovak Republic,35130340674
2002,Slovenia,23489890274
2002,Sweden,2.67E+11
2002,Eswatini,1432228125
2002,Seychelles,697518248.2
2002,Syria,90558485523
2002,Chad,1997005787
2002,Togo,1706698099
2002,Thailand,1.34E+11
2002,Tajikistan,1221120799
2002,Turkmenistan,4461978499
2002,Timor-Leste,469506700
2002,Tonga,182763693.9
2002,Trinidad and Tobago,9008273721
2002,Tunisia,23142153760
2002,Turkey,2.40E+11
2002,Tuvalu,15450994.24
2002,Tanzania,14142035080
2002,Uganda,6178563591
2002,Ukraine,43956369917
2002,Uruguay,13606494599
2002,United States,1.09E+13
2002,Uzbekistan,9687788513
2002,St. Vincent and the Grenadines,461885185.2
2002,Venezuela,92893587734
2002,Vietnam,35064105501
2002,Vanuatu,262596597.8
2002,World,3.49E+13
2002,Samoa,288078881.4
2002,Yemen,10694628092
2002,South Africa,1.29E+11
2002,Zambia,4193845678
2002,Zimbabwe,6342116400
2001,Afghanistan,5.70E+10
2001,Angola,8936063723
2001,Albania,3922100794
2001,Andorra,1546926174
2001,United Arab Emirates,1.03E+11
2001,Argentina,2.69E+11
2001,Armenia,2118467913
2001,Antigua and Barbuda,800481481.5
2001,Australia,3.79E+11
2001,Austria,1.97E+11
2001,Azerbaijan,5707720391
2001,Burundi,876794723.1
2001,Belgium,2.37E+11
2001,Benin,3666222600
2001,Burkina Faso,3190371050
2001,Bangladesh,53991289844
2001,Bulgaria,14183497963
2001,Bahrain,8976196809
2001,Bahamas,8317830000
2001,Bosnia and Herzegovina,5800774717
2001,Belarus,12354820144
2001,Belize,868358750
2001,Bolivia,8141537938
2001,Brazil,5.60E+11
2001,Barbados,3054500000
2001,Brunei,5601090584
2001,Bhutan,461444513.7
2001,Botswana,5489608300
2001,Central African Republic,931833302.8
2001,Canada,7.39E+11
2001,Switzerland,2.87E+11
2001,Chile,70979923960
2001,China,1.34E+12
2001,Cameroon,10953485244
2001,"Congo, Dem. Rep.",7438189100
2001,"Congo, Rep.",2796704577
2001,Colombia,98211749596
2001,Comoros,378512003.4
2001,Costa Rica,15976174337
2001,Cuba,31682400000
2001,Cyprus,10397897086
2001,Czech Republic,67808032980
2001,Germany,1.94E+12
2001,Djibouti,572417440.8
2001,Dominica,340203703.7
2001,Denmark,1.65E+11
2001,Dominican Republic,25601765401
2001,Algeria,54744712815
2001,Ecuador,24468324000
2001,Egypt,96684636119
2001,Eritrea,752368495.5
2001,Spain,6.27E+11
2001,Estonia,6254649539
2001,Ethiopia,8231326016
2001,European Union (27),7.39E+12
2001,Finland,1.29E+11
2001,Fiji,1652464201
2001,France,1.38E+12
2001,Micronesia,240970900
2001,Gabon,5023265365
2001,United Kingdom,1.64E+12
2001,Georgia,3219488664
2001,Ghana,5314909954
2001,Guinea,2829435957
2001,Gambia,687408804.6
2001,Guinea-Bissau,392621385.9
2001,Equatorial Guinea,1461139022
2001,Greece,1.36E+11
2001,Grenada,520444185.2
2001,Guatemala,18405203853
2001,Guyana,712167575.6
2001,Honduras,7565854724
2001,Croatia,23273640257
2001,Haiti,6331961555
2001,Hungary,53749989092
2001,Indonesia,1.60E+11
2001,India,4.85E+11
2001,Ireland,1.09E+11
2001,Iran,1.27E+11
2001,Iraq,36176430129
2001,Iceland,8234846805
2001,Israel,1.31E+11
2001,Italy,1.17E+12
2001,Jamaica,9194717836
2001,Jordan,8975689845
2001,Japan,4.37E+12
2001,Kazakhstan,22152694162
2001,Kenya,12986007426
2001,Kyrgyz Republic,1525116370
2001,Cambodia,3984000517
2001,Kiribati,63101272.37
2001,St. Kitts and Nevis,458643829
2001,Kuwait,34887512227
2001,Lao PDR,1768619058
2001,Lebanon,17649751244
2001,Liberia,906000000
2001,Libya,34110064452
2001,St. Lucia,892592592.6
2001,Liechtenstein,2491822707
2001,Sri Lanka,15749753805
2001,Lesotho,825706961.2
2001,Lithuania,12237388002
2001,Luxembourg,21369028188
2001,Latvia,8362398702
2001,Morocco,39459581217
2001,Moldova,1480673594
2001,Madagascar,5438332738
2001,Maldives,870030468.6
2001,Mexico,7.57E+11
2001,Marshall Islands,122824000
2001,Mali,3468327017
2001,Malta,4088368978
2001,Myanmar,6220271055
2001,Montenegro,1159869246
2001,Mongolia,1267997934
2001,Mozambique,5398568544
2001,Mauritania,1746064719
2001,Mauritius,4613630623
2001,Malawi,1716502862
2001,Malaysia,92783947368
2001,Namibia,3557333364
2001,Niger,2448714681
2001,Nigeria,74030364472
2001,Nicaragua,5323146566
2001,Netherlands,4.31E+11
2001,Norway,1.74E+11
2001,Nepal,6007055042
2001,Nauru,6.80E+10
2001,New Zealand,53872425917
2001,Oman,19452000520
2001,Pakistan,79484403985
2001,Panama,12502013400
2001,Peru,52030158775
2001,Philippines,78921234457
2001,Palau,156907900
2001,Papua New Guinea,3081024212
2001,Poland,1.91E+11
2001,Portugal,1.21E+11
2001,Paraguay,8495806432
2001,Qatar,17538461538
2001,Romania,40394824679
2001,Russia,3.07E+11
2001,Rwanda,1965444515
2001,Saudi Arabia,1.84E+11
2001,Sudan,15716489370
2001,Senegal,6507824767
2001,Singapore,89794943350
2001,Solomon Islands,409435392.2
2001,Sierra Leone,1090467712
2001,El Salvador,12282533600
2001,Somalia,3
2001,Serbia,12960538724
2001,South Sudan,4.2
2001,Sao Tome and Principe,75951210.69
2001,Suriname,834279357.8
2001,Slovak Republic,30752150336
2001,Slovenia,20876309970
2001,Sweden,2.42E+11
2001,Eswatini,1542477309
2001,Seychelles,622262057.2
2001,Syria,86771314031
2001,Chad,1710843361
2001,Togo,1482437752
2001,Thailand,1.20E+11
2001,Tajikistan,1080768907
2001,Turkmenistan,3534803922
2001,Timor-Leste,477443500
2001,Tonga,181116952.8
2001,Trinidad and Tobago,8824873259
2001,Tunisia,22066031834
2001,Turkey,2.02E+11
2001,Tuvalu,13196544.95
2001,Tanzania,13581644246
2001,Uganda,5840503869
2001,Ukraine,39309580983
2001,Uruguay,20898788417
2001,United States,1.06E+13
2001,Uzbekistan,11401421329
2001,St. Vincent and the Grenadines,430040740.7
2001,Venezuela,1.23E+11
2001,Vietnam,32685198735
2001,Vanuatu,257926881.7
2001,World,3.36E+13
2001,Samoa,273088357.2
2001,Yemen,9861560095
2001,South Africa,1.35E+11
2001,Zambia,4094480988
2001,Zimbabwe,6777384700
2000,Afghanistan,5.50E+10
2000,Angola,9129634978
2000,Albania,3480355258
2000,Andorra,1429049198
2000,United Arab Emirates,1.04E+11
2000,Argentina,2.84E+11
2000,Armenia,1911563669
2000,Antigua and Barbuda,826370370.4
2000,Australia,4.16E+11
2000,Austria,1.97E+11
2000,Azerbaijan,5272798391
2000,Burundi,870486065.9
2000,Belgium,2.36E+11
2000,Benin,3519991326
2000,Burkina Faso,2968369991
2000,Bangladesh,53369787319
2000,Bulgaria,13245833844
2000,Bahrain,9062898936
2000,Bahamas,8076470000
2000,Bosnia and Herzegovina,5567405599
2000,Belarus,12738912134
2000,Belize,832072450
2000,Bolivia,8397912509
2000,Brazil,6.55E+11
2000,Barbados,3059500000
2000,Brunei,6001153306
2000,Bhutan,424464089.9
2000,Botswana,5788329609
2000,Central African Republic,914500299.1
2000,Canada,7.45E+11
2000,Switzerland,2.80E+11
2000,Chile,77860932152
2000,China,1.21E+12
2000,Cameroon,10566578953
2000,"Congo, Dem. Rep.",19088046306
2000,"Congo, Rep.",3227927593
2000,Colombia,99886577331
2000,Comoros,351136568.4
2000,Costa Rica,15013629659
2000,Cuba,30565400000
2000,Cyprus,9985844486
2000,Czech Republic,61828166496
2000,Germany,1.94E+12
2000,Djibouti,551230861.9
2000,Dominica,333470370.4
2000,Denmark,1.64E+11
2000,Dominican Republic,24305717542
2000,Algeria,54790392746
2000,Ecuador,18327764882
2000,Egypt,99838543960
2000,Eritrea,706370815.6
2000,Spain,5.97E+11
2000,Estonia,5686579748
2000,Ethiopia,8242392104
2000,European Union (27),7.26E+12
2000,Finland,1.26E+11
2000,Fiji,1678239218
2000,France,1.36E+12
2000,Micronesia,233271800
2000,Gabon,5080483464
2000,United Kingdom,1.66E+12
2000,Georgia,3057475335
2000,Ghana,4983024408
2000,Guinea,2995361141
2000,Gambia,782915402.4
2000,Guinea-Bissau,371095510
2000,Equatorial Guinea,1045998496
2000,Greece,1.30E+11
2000,Grenada,520044370.4
2000,Guatemala,19288827159
2000,Guyana,712667896.7
2000,Honduras,7103826902
2000,Croatia,21839780971
2000,Haiti,6813577558
2000,Hungary,47218405892
2000,Indonesia,1.65E+11
2000,India,4.68E+11
2000,Ireland,99958806891
2000,Iran,1.10E+11
2000,Iraq,48364250944
2000,Iceland,9025660362
2000,Israel,1.32E+11
2000,Italy,1.14E+12
2000,Jamaica,9005064475
2000,Jordan,8460424401
2000,Japan,4.97E+12
2000,Kazakhstan,18291994909
2000,Kenya,12705357103
2000,Kyrgyz Republic,1369688498
2000,Cambodia,3654031716
2000,Kiribati,67254174.4
2000,St. Kitts and Nevis,421695769.8
2000,Kuwait,37712842243
2000,Lao PDR,1731198022
2000,Lebanon,17260364842
2000,Liberia,874000000
2000,Libya,38270206950
2000,St. Lucia,932592592.6
2000,Liechtenstein,2483953103
2000,Sri Lanka,16330814180
2000,Lesotho,887295267.9
2000,Lithuania,11524776867
2000,Luxembourg,21177470978
2000,Latvia,7958852839
2000,Morocco,38857251336
2000,Moldova,1288429392
2000,Madagascar,4629247091
2000,Maldives,624337145.3
2000,Mexico,7.08E+11
2000,Marshall Islands,115347500
2000,Mali,2961476518
2000,Malta,4069515579
2000,Myanmar,6849321646
2000,Montenegro,984297589.4
2000,Mongolia,1136896124
2000,Mozambique,5656473652
2000,Mauritania,1779523344
2000,Mauritius,4663313620
2000,Malawi,1743506531
2000,Malaysia,93789736842
2000,Namibia,3922247990
2000,Niger,2241753120
2000,Nigeria,69448756933
2000,Nicaragua,5107329007
2000,Netherlands,4.16E+11
2000,Norway,1.71E+11
2000,Nepal,5494252208
2000,Nauru,6.90E+10
2000,New Zealand,52623281957
2000,Oman,19507452536
2000,Pakistan,82017743416
2000,Panama,12304115000
2000,Peru,51744749133
2000,Philippines,83669693589
2000,Palau,146297500
2000,Papua New Guinea,3521339699
2000,Poland,1.72E+11
2000,Portugal,1.18E+11
2000,Paraguay,8855705140
2000,Qatar,17759890110
2000,Romania,37253259017
2000,Russia,2.60E+11
2000,Rwanda,2067528500
2000,Saudi Arabia,1.90E+11
2000,Sudan,12257418326
2000,Senegal,6013184809
2000,Singapore,96074477958
2000,Solomon Islands,419933580.9
2000,Sierra Leone,635874002.2
2000,El Salvador,11784927700
2000,Somalia,3
2000,Serbia,6875845987
2000,South Sudan,8.2
2000,Sao Tome and Principe,0.4
2000,Suriname,947671969.7
2000,Slovak Republic,29169953013
2000,Slovenia,20289627637
2000,Sweden,2.63E+11
2000,Eswatini,1738100853
2000,Seychelles,614879764.8
2000,Syria,80590022272
2000,Chad,1388506727
2000,Togo,1491891108
2000,Thailand,1.26E+11
2000,Tajikistan,860521119.3
2000,Turkmenistan,2904732773
2000,Timor-Leste,367087900
2000,Tonga,204849612.6
2000,Trinidad and Tobago,8154338233
2000,Tunisia,21473261837
2000,Turkey,2.74E+11
2000,Tuvalu,13742057.05
2000,Tanzania,13375976354
2000,Uganda,6193246837
2000,Ukraine,32375280321
2000,Uruguay,22823255802
2000,United States,1.03E+13
2000,Uzbekistan,13760513969
2000,St. Vincent and the Grenadines,396262963
2000,Venezuela,1.17E+11
2000,Vietnam,31172518403
2000,Vanuatu,272014693.1
2000,World,3.38E+13
2000,Samoa,269019710.3
2000,Yemen,9652436180
2000,South Africa,1.52E+11
2000,Zambia,3600683040
2000,Zimbabwe,6689957600