Country Name,2000,2001,2002,2003,2004,2005,2006,2007,2008,2009,2010,2011,2012,2013,2014,2015,2016,2017,2018
Afghanistan,3.532,2.462,4.055179566,4.515558808,5.226778809,6.209137625,6.971285595,9.747879532,10.10930518,12.41616105,15.8566786,17.80511312,19.90731707,20.146405,20.49712677,19.13421176,18.11656246,18.75346963,18.05322858
Angola,9.129634978,8.936063723,15.28559483,17.81270529,23.55205241,36.9709187,52.38100689,65.26645208,88.53861121,70.30716368,83.79949661,111.7896865,128.0528536,136.7098628,145.7122003,116.1936491,101.1238511,122.1238223,101.3532308
Albania,3.480355258,3.922100794,4.348068242,5.611496257,7.184685782,8.052073539,8.896072919,10.67732414,12.88135351,12.04420809,11.92692283,12.89076453,12.31983044,12.77622051,13.22814752,11.38685013,11.86119983,13.01968934,15.15643231
Andorra,1.429049198,1.546926174,1.755910032,2.361726862,2.894921778,3.159905484,3.456442103,3.952600602,4.085630584,3.674409558,3.449966857,3.629203786,3.188808943,3.193704343,3.271808157,2.789870188,2.896679212,3.00018075,3.218316013
United Arab Emirates,104.3373724,103.3116406,109.8162015,124.3463581,147.8243703,180.617468,222.1165419,257.9161334,315.4746157,253.5473587,289.7873383,350.6660313,374.5906059,390.1075562,403.1371001,358.1350579,357.0450647,385.6055068,422.2150436
Argentina,284.20375,268.69675,97.72400425,127.5869735,164.6579305,198.737095,232.5572608,287.5305084,361.5580371,332.9764846,423.6274221,530.1632816,545.9823757,552.0251403,526.3196737,594.7492854,557.5313762,643.6286653,524.8197429
Armenia,1.911563669,2.118467913,2.376335048,2.807061009,3.57661524,4.90046995,6.384451606,9.2063017,11.66204071,8.647936748,9.260284938,10.14211133,10.61932005,11.12146577,11.60951294,10.55333767,10.54613516,11.52745857,12.45794191
Antigua and Barbuda,0.82637037,0.800481481,0.814381481,0.856396296,0.91972963,1.022962963,1.157662963,1.312759259,1.37007037,1.22832963,1.1487,1.137637037,1.199948148,1.181448148,1.249733333,1.336692593,1.436585185,1.467977778,1.605944444
Australia,415.5762105,379.0839326,395.3427166,467.3907979,614.166311,695.0751767,747.5561545,853.9554055,1055.127126,928.0429981,1147.589183,1397.907917,1546.508558,1576.335283,1467.50482,1350.534154,1206.685107,1326.882872,1428.529571
Austria,196.7997789,197.3378792,213.3777715,261.6957788,300.9042215,315.9744186,335.9985573,388.6914454,430.2942874,400.1722979,391.8927465,431.1203101,409.4252342,430.068713,441.9961317,381.8175659,395.5686443,416.2304974,454.945881
Azerbaijan,5.272798391,5.707720391,6.23585682,7.276753895,8.680370408,13.2457161,20.98298634,33.05034378,48.85248296,44.29149042,52.90929479,65.9516272,69.68393585,74.16443595,75.24429428,53.07437049,37.86751896,40.86555891,47.11294118
Burundi,0.870486066,0.876794723,0.82539449,0.784654424,0.915257323,1.117113046,1.27337502,1.356199365,1.611835902,1.781455092,2.032135247,2.235820868,2.333308099,2.451625333,2.705783272,3.104394858,2.732808557,2.748180474,2.668495743
Belgium,236.2045329,236.5412975,257.1578204,317.3817156,368.5370002,385.5709489,407.918078,470.324254,515.2235242,481.3459294,480.9516295,522.6455192,496.1812603,521.6427144,534.6780758,462.1496793,475.7395888,501.5228684,543.0084993
Benin,3.519991326,3.6662226,4.194342849,5.349258334,6.190270756,6.567654494,7.034111651,8.16904869,9.787735426,9.738626993,9.535344283,10.69332195,11.14135895,12.51784573,13.28452865,11.38816096,11.82106615,12.70165474,14.26240701
Burkina Faso,2.968369991,3.19037105,3.622350204,4.740768355,5.451688868,6.146352742,6.547420134,7.625723124,9.451436359,9.450697336,10.10961896,12.08029664,12.56101609,13.44430114,13.94301692,11.83215928,12.83336337,14.10695683,15.89006502
Bangladesh,53.36978732,53.99128984,54.72408149,60.15892919,65.10854425,69.44294309,71.81908368,79.61188821,91.63127824,102.4777915,115.2790775,128.6379387,133.3557495,149.990451,172.8854549,195.0786787,221.415188,249.7109225,274.0389734
Bulgaria,13.24583384,14.18349796,16.40284641,21.14498355,26.15789474,29.8692834,34.37980889,44.40510147,54.43896642,52.02350466,50.68206105,57.67824102,54.30085742,55.81013844,57.08201126,50.78199671,53.95389762,59.19944742,66.36342245
Bahrain,9.062898936,8.976196809,9.593510638,11.07481383,13.15015957,15.9687234,18.50476064,21.73,25.71090426,22.93821809,25.71327128,28.77659574,30.74930851,32.53946809,33.38771277,31.0506383,32.2349734,35.4737766,37.80146277
Bahamas,8.07647,8.31783,8.88116,8.87009,9.05529,9.8362,10.16725,10.61834,10.526,9.98196,10.09576,10.07045,10.7205,10.4946,11.1429,11.8906,11.9926,12.3597,12.8378
Bosnia and Herzegovina,5.567405599,5.800774717,6.728771314,8.498560902,10.15755397,11.22295334,12.86461086,15.77876741,19.1127394,17.61383653,17.17678105,18.64472385,17.22119247,18.17233578,18.56086139,16.21981902,16.91428735,18.07907577,20.17740935
Belarus,12.73891213,12.35482014,14.59424902,17.82779132,23.14435185,30.20756732,36.95431235,45.27739981,60.76348315,50.87407805,57.22249077,61.75778894,65.68510255,75.52798423,78.81383998,56.4547344,47.72265782,54.72659525,60.03126227
Belize,0.83207245,0.86835875,0.92519795,0.9835756,1.0513866,1.1025649,1.21060375,1.27159805,1.35133865,1.31730945,1.3771771,1.460797903,1.522897506,1.579411253,1.667335061,1.721700991,1.789304088,1.858529677,1.915899787
Bolivia,8.397912509,8.141537938,7.905485216,8.082364868,8.773451739,9.549077869,11.45186916,13.12018316,16.67432463,17.33999217,19.64963131,23.96303343,27.08449748,30.65933888,32.99618801,33.00019825,33.9411262,37.50864217,40.28764793
Brazil,655.4481883,559.9837041,509.7952707,558.2337242,669.2893219,891.6338266,1107.626711,1397.114247,1695.855392,1666.996294,2208.838109,2616.156607,2465.228294,2472.819362,2456.043766,1802.212,1795.693266,2063.514689,1916.933708
Barbados,3.0595,3.0545,3.1065,3.2095,3.4445,3.8195,4.2175,4.674,4.785,4.4655,4.53,4.6575,4.61,4.677,4.6965,4.715,4.83,4.978,5.0865
Brunei,6.001153306,5.601090584,5.843329108,6.557333085,7.872333215,9.531402848,11.470703,12.24769425,14.39309907,10.73236629,13.70737074,18.52531998,19.0479403,18.09382992,17.09834254,12.93039494,11.40085427,12.12810486,13.56735118
Bhutan,0.42446409,0.461444514,0.520849552,0.604041958,0.682523857,0.79693812,0.874989896,1.168308517,1.227808791,1.234014292,1.547991318,1.777101317,1.781281282,1.756215665,1.907090813,2.003598213,2.158972129,2.450364928,2.446866405
Botswana,5.788329609,5.4896083,5.438857107,7.511582173,8.957467707,9.918907108,10.1378833,10.93905337,10.94507044,10.26713318,12.7866545,15.35197236,14.38000418,14.90175099,15.65466071,13.57875407,15.08257806,16.08843768,16.9142451
Central African Republic,0.914500299,0.931833303,0.99138787,1.139754799,1.270080251,1.337362392,1.460561215,1.697565949,1.985240986,2.059094048,2.142591376,2.43798284,2.510126699,1.691544192,1.894813505,1.695825708,1.825018191,2.072349794,2.220978978
Canada,744.7734159,738.9817924,760.6493341,895.5406466,1026.690238,1173.108599,1319.26481,1468.820408,1552.989691,1374.625142,1617.343367,1793.32663,1828.366482,1846.597422,1805.749878,1556.508816,1527.994742,1649.265644,1725.329193
Switzerland,279.8411517,287.2265312,310.1757725,363.063294,405.5313213,420.5449478,443.8019054,493.5373767,570.3041972,558.1998686,603.4344934,722.0382421,692.109694,712.7481242,734.396591,702.1495808,695.6006529,704.478517,735.5393016
Chile,77.86093215,70.97992396,69.73681144,75.64345984,99.21039286,122.964812,154.7880248,173.6059682,179.6384963,172.3894984,218.5375512,252.251992,267.1223201,278.3843327,260.5416373,243.9190794,250.4401497,277.0346755,297.5716931
China,1211.34687,1339.395719,1470.550015,1660.287966,1955.347005,2285.965892,2752.131773,3550.342737,4594.307033,5101.703073,6087.163875,7551.500124,8532.229987,9570.406236,10475.68292,11061.55308,11233.27654,12310.40937,13894.81755
Cameroon,10.56657895,10.95348524,12.41725182,15.97031575,18.82621528,19.50985084,20.91051397,23.92825133,27.71514458,27.93297168,27.50749971,30.63091218,30.15506457,33.72862282,36.38654692,32.21023291,33.8143379,36.09855014,39.97383906
"Congo, Dem. Rep.",19.08804631,7.4381891,8.728038525,8.93756706,10.29748348,11.96448467,14.45190247,16.73707182,19.78851587,18.64837331,21.56572004,25.8397492,29.30623583,32.6797453,35.90904027,37.9177049,37.13479997,38.01926563,47.14600459
"Congo, Rep.",3.227927593,2.796704577,3.034251042,3.503723245,4.656975223,6.647357442,8.065134528,8.771102025,11.60289304,9.684321633,13.1355807,15.63489727,17.69392457,17.95361793,17.88907996,11.8854785,10.21599,11.09017775,13.670037
Colombia,99.88657733,98.2117496,97.9630038,94.64137869,117.0815223,145.6191916,161.6185813,206.1818268,242.1869509,232.3978357,286.5631052,334.9438719,370.9213205,382.1161264,381.1121197,293.4817482,282.8250099,311.8837307,334.1982147
Comoros,0.351136568,0.378512003,0.425964697,0.546885185,0.633706149,0.653845123,0.698431828,0.795673128,0.915659193,0.905341091,0.907978724,1.023086184,1.015843369,1.116224161,1.149587652,0.966029542,1.012835518,1.077439663,1.188797575
Costa Rica,15.01362966,15.97617434,16.57882069,17.27176051,18.61059485,20.04064248,22.71554032,26.88470035,30.80174488,30.74571201,37.6586148,42.76261708,47.23165186,50.94967221,52.01640895,56.44191765,58.84701604,60.51604359,62.4201651
Cuba,30.5654,31.6824,33.5905,35.9012,38.203,42.6438361,52.7428,58.6039,60.8063,62.08,64.328,68.99,73.141,77.148,80.656,87.133,91.37,96.851,100.05
Cyprus,9.985844486,10.39789709,11.42022788,14.54732503,17.3205525,18.43341127,20.07278635,23.96876403,27.84469899,25.94539178,25.73243272,27.5654691,24.97851343,23.90087263,23.15685001,19.8424043,20.95344255,22.87083371,25.52267123
Czech Republic,61.8281665,67.80803298,82.19600105,100.0904676,119.8144344,137.1434713,156.2640957,190.1838009,236.8164858,207.4342968,209.069941,229.5627334,208.8577193,211.6856166,209.3588342,188.0330505,196.2720686,218.628941,248.9501034
Germany,1943.145384,1944.107383,2068.624129,2496.128668,2809.187981,2845.802761,2992.196713,3421.229127,3730.027831,3397.791053,3396.354076,3744.408603,3527.344944,3732.743446,3883.920155,3356.235704,3467.498002,3681.732584,3975.347237
Djibouti,0.551230862,0.572417441,0.59112204,0.622044666,0.666072102,0.708633195,0.768873684,0.847918929,0.999105339,1.049110685,1.1286117,1.239144502,1.353632942,2.042817163,2.214679081,2.430274292,2.603540257,2.751445574,3.012803457
Dominica,0.33347037,0.340203704,0.333196296,0.343311111,0.3672,0.364255556,0.390251852,0.421374074,0.458188889,0.489074074,0.493825926,0.501025926,0.485996296,0.498296296,0.520207407,0.540737037,0.57622963,0.519837037,0.550622222
Denmark,164.1587391,164.7914425,178.6351637,218.0960335,251.373003,264.4673365,282.8849477,319.4234245,353.3610388,321.2413037,321.9952794,344.0031376,327.1489438,343.5843916,352.9936316,302.6730708,313.1159293,332.1210638,356.8412164
Dominican Republic,24.30571754,25.6017654,27.13750866,21.40316785,22.32239537,35.77757014,37.8798699,43.96542007,48.12254718,48.2610333,53.86017556,58.02975075,60.6815372,62.68216384,67.17991403,71.16482526,75.70472019,79.99797562,85.55537804
Algeria,54.79039275,54.74471281,56.76035587,67.86382841,85.33258119,103.1982237,117.0273075,134.9770826,171.0006999,137.2110358,161.2072702,200.0130522,209.058992,209.7550033,213.8100249,165.9792793,160.0341639,170.0970146,174.9108786
Ecuador,18.32776488,24.468324,28.548945,32.432858,36.591661,41.507085,46.802044,51.007777,61.762635,62.519686,69.555367,79.276664,87.924544,95.129659,101.726331,99.290381,99.937696,104.295862,107.562008
Egypt,99.83854396,96.68463612,85.14606742,80.28846154,78.78246753,89.60066556,107.426087,130.4378284,162.8181818,189.1470054,218.9836661,235.989673,279.1166667,288.4341085,305.5954089,329.3665768,332.4417178,235.7336957,249.7129994
Eritrea,0.706370816,0.752368496,0.729321367,0.870247703,1.109054005,1.098425901,1.21116188,1.317974491,1.3801888,1.856695551,1.589515447,2.065001626,2.255,1.958,2.604,2.016,2.213,1.904,2.006
Spain,596.8776488,627.2868009,705.3943158,905.4920993,1067.09337,1153.285661,1259.343872,1472.131125,1625.224843,1485.583495,1420.722034,1478.772824,1324.820091,1354.757433,1369.398845,1195.11927,1232.076017,1309.297247,1420.300233
Estonia,5.686579748,6.254649539,7.367975888,9.874013098,12.1459118,14.1067902,17.02287041,22.44912948,24.34167863,19.6330314,19.52347733,23.18361605,23.02046678,25.10861509,26.59865788,22.88155819,24.05648777,26.85788062,30.47461206
Ethiopia,8.242392104,8.231326016,7.850809498,8.6236913,10.13118726,12.40113945,15.28086183,19.70761677,27.06691264,32.43738912,29.93379033,31.95276309,43.31072141,47.64821113,55.61222823,64.58933498,74.29661848,81.77079197,84.26934833
European Union,7260.12064,7388.169198,8050.016391,9912.552738,11400.57283,11906.967,12704.67501,14712.56776,16240.62004,14713.15799,14545.4303,15741.78999,14636.91715,15296.01355,15634.24127,13547.24776,13885.15582,14734.76453,15971.54003
Finland,125.7066519,129.4210291,139.7383776,171.2742664,197.1169605,204.8091033,216.9075398,256.0525595,284.5539769,252.4965268,249.1811905,275.2436978,258.3048346,271.2852806,274.4972308,234.440081,240.607907,255.0165175,275.5804484
Fiji,1.678239218,1.652464201,1.833279985,2.300453634,2.708078477,2.98048492,3.076305453,3.3783146,3.52318592,2.870624636,3.140508836,3.774530616,3.972012571,4.190143206,4.85696323,4.682546863,4.93020423,5.353404422,5.581371848
France,1362.24894,1376.465324,1494.286655,1840.480813,2115.742488,2196.126104,2318.593652,2657.213249,2918.382891,2690.222284,2642.609549,2861.40817,2683.825225,2811.077726,2852.165761,2438.207896,2471.285607,2588.740902,2789.593979
Micronesia,0.2332718,0.2409709,0.2425172,0.2454329,0.240236,0.2502819,0.2535419,0.2567872,0.2631451,0.2802846,0.2969441,0.3113016,0.3272487,0.3172144,0.3192712,0.3164899,0.3322652,0.3666668,0.4019323
Gabon,5.080483464,5.023265365,5.335451308,6.511903657,7.77021948,9.582783318,10.3275988,12.45541006,15.57134978,12.11369966,14.37259192,18.21030875,17.17046529,17.59574565,18.203968,14.38310771,14.02389062,14.92948877,16.86732513
United Kingdom,1662.127402,1643.908162,1784.076739,2057.093878,2421.814354,2544.829091,2717.059798,3106.182473,2938.882353,2425.798411,2491.110093,2674.891474,2719.158341,2803.291406,3087.165603,2956.573779,2722.851958,2699.016715,2900.791443
Georgia,3.057475335,3.219488664,3.395728014,3.991284895,5.125365192,6.410823633,7.745394293,10.17288237,12.79507647,10.76683628,12.24350558,15.10744145,16.48840308,17.18955152,17.62700345,14.95395056,15.14175857,16.24291692,17.59970009
Ghana,4.983024408,5.314909954,6.166330136,7.632406553,8.881368538,10.74467521,20.44089302,24.82784495,28.67870189,26.04810819,32.1972728,39.33731481,41.27095474,62.82304371,54.78284775,49.40656843,56.1651729,60.4063829,67.29928068
Guinea,2.995361141,2.829435957,2.950198649,3.446441698,3.635458133,2.937071767,4.220019243,6.281917656,6.964179194,6.716904569,6.853467858,6.785137173,7.638045254,8.376613843,8.778473615,8.794202444,8.595955581,10.32466827,11.85703034
Gambia,0.782915402,0.687408805,0.578236035,0.487038822,0.961900107,1.027702254,1.054113427,1.279704745,1.561763437,1.450140386,1.543292393,1.409694554,1.415006238,1.375608956,1.229460602,1.378176868,1.484579844,1.504909753,1.670670669
Guinea-Bissau,0.37109551,0.392621386,0.417806667,0.477458599,0.532062927,0.587029054,0.592365688,0.696910811,0.868154709,0.83012647,0.849878424,1.099818652,0.98927123,1.046087418,1.054915645,1.048229629,1.179004941,1.350177128,1.504630121
Equatorial Guinea,1.045998496,1.461139022,1.806742742,2.484745935,4.410764339,8.217369093,10.0865287,13.07171876,19.74989354,15.02779517,16.31444343,21.35734368,22.38834412,21.94883429,21.76545309,13.18549688,11.24080885,12.20091389,13.09701219
Greece,130.1338456,136.1913539,153.8309467,201.9242698,240.5212615,247.7830021,273.3177368,318.4979373,354.4608027,330.0002515,296.8353466,282.6256109,242.0431514,238.8397889,235.1449495,195.6048467,193.0170306,199.3507811,211.9458978
Grenada,0.52004437,0.520444185,0.540336926,0.591018407,0.599118593,0.695555556,0.698700667,0.758683593,0.825976037,0.771275556,0.771013259,0.778655926,0.799882259,0.842620111,0.911497407,0.997007926,1.061640741,1.125685185,1.166523556
Guatemala,19.28882716,18.40520385,20.44420599,21.5763518,23.57728623,26.78354367,29.74436811,33.56786832,38.50386283,37.12594356,40.67643203,46.87611465,49.59396114,52.9965407,57.85239996,62.18618658,66.05372505,71.65413438,73.20858376
Guyana,0.712667897,0.712167576,0.726131435,0.743064077,0.787814379,0.82488055,2.379818383,2.73097115,3.025187924,3.165663153,3.432913073,3.691384318,4.063089192,4.167800259,4.127659492,4.279840194,4.482697337,4.748174334,4.787636237
Honduras,7.103826902,7.565854724,7.77525151,8.140278401,8.772169959,9.67202305,10.84172492,12.27550012,13.78944362,14.48615961,15.72964916,17.58809857,18.40053886,18.37217338,19.61856725,20.8339488,21.56662285,22.97541584,23.90043856
Croatia,21.83978097,23.27364026,27.07455026,34.98574988,41.95883354,45.78023726,50.86078825,60.5426735,70.75064625,63.08400471,60.42601863,63.16991082,57.19234692,58.88908232,58.33028976,50.16319288,52.29515834,56.21442743,62.24787495
Haiti,6.813577558,6.331961555,6.058134467,4.826827577,6.036959915,7.184064657,7.518107787,9.522763154,10.48522535,11.59701481,11.85931508,13.00875411,13.70892647,14.90247409,15.13926467,14.83315447,13.98769374,15.03556037,16.45503435
Hungary,47.21840589,53.74998909,67.60891914,85.30200391,104.1410426,113.2367116,115.7512667,140.2275606,158.3744196,131.114229,132.2311342,141.9999602,128.8573705,135.7325957,141.0789848,125.2103246,128.6361083,143.1362456,160.5868338
Indonesia,165.0210121,160.4469478,195.6606112,234.7724638,256.8368753,285.8686182,364.5705143,432.2167378,510.228635,539.5800856,755.0941604,892.9691079,917.8699101,912.5241367,890.8147552,860.8542351,931.8773642,1015.618743,1042.271531
India,468.3949373,485.4410145,514.9379489,607.6992854,709.1485148,820.3815955,940.2598888,1216.735442,1198.895582,1341.886603,1675.615336,1823.049928,1827.637859,1856.722121,2039.127446,2103.587814,2294.797981,2651.472946,2701.111783
Ireland,99.95880689,109.2520573,127.9859721,164.3079616,194.0153352,211.7979915,231.9862539,269.7363756,274.3269123,235.5094651,221.659743,238.6628333,225.5097096,238.2115472,258.6251927,291.4627993,298.7252294,334.6022999,384.8536852
Iran,109.5917078,126.8787503,128.6269175,153.5447514,190.043434,226.4521383,266.2989117,349.8816015,412.3361724,416.3970257,486.8076153,580.7649029,598.8684609,460.2931493,432.6870362,384.9514797,417.9835836,445.3452565,294.3566806
Iraq,48.36425094,36.17643013,32.92845467,21.92156948,36.62790176,49.95489035,65.1401472,88.8370552,131.6144337,111.6575817,138.5167226,185.7496644,218.0024817,234.6376751,228.4156562,166.7741097,166.6024887,187.2176601,227.367469
Iceland,9.025660362,8.234846805,9.318395055,11.42933304,13.82530254,16.85296307,17.46531855,21.6525056,18.07462299,13.15441422,13.75116192,15.22162293,14.75150813,16.12506052,17.86766218,17.51721052,20.79316803,24.72828518,26.26706376
Israel,132.4556621,130.8163212,121.1484752,127.0466338,135.5713481,142.6570691,154.1454953,179.161787,216.7115496,207.9534392,234.6545896,262.2938711,258.4171042,294.1673665,310.9449376,300.0782781,319.0244173,355.2772235,373.6412414
Italy,1143.829832,1167.012796,1270.712309,1574.145824,1803.226968,1857.524313,1947.919709,2210.292636,2398.856599,2191.241873,2134.017843,2291.991046,2087.077032,2141.315327,2159.13392,1835.899237,1875.797464,1956.95047,2090.910879
Jamaica,9.005064475,9.194717836,9.719017926,9.430230564,10.17466485,11.24386849,11.93017147,12.79959302,13.70940209,12.12046087,13.22055688,14.4446553,14.80708689,14.26420274,13.89922882,14.18893595,14.0771094,14.80898999,15.73079385
Jordan,8.460424401,8.975689845,9.582453032,10.19566079,11.41139041,12.5886653,15.05692976,17.11058745,22.65766239,24.53787606,27.13380423,29.52414915,31.63456169,34.45444014,36.84764352,38.58701789,39.89255113,41.40896085,42.93211268
Japan,4968.359076,4374.711694,4182.846046,4519.561645,4893.116006,4831.467035,4601.663123,4579.75092,5106.679115,5289.493118,5759.071769,6233.147172,6272.362996,5212.328181,4896.994405,4444.930652,5003.677628,4930.837369,5036.891741
Kazakhstan,18.29199491,22.15269416,24.63659322,30.8336997,43.151647,57.12367173,81.00388455,104.8498868,133.4416122,115.3086611,148.0473482,192.626508,207.9985689,236.6345521,221.4155728,184.3884321,137.2783201,166.8058006,179.3399949
Kenya,12.7053571,12.98600743,13.14774391,14.90451765,16.09533709,18.73789774,25.82552482,31.95819518,35.89515333,42.34721791,45.40558756,46.86945732,56.39670601,61.67142537,68.28576855,70.12041333,74.81512131,82.03580087,92.20295632
Kyrgyz Republic,1.369688498,1.52511637,1.605643105,1.91900809,2.211534585,2.460248026,2.834168889,3.802566171,5.139957785,4.690062255,4.794357795,6.197766119,6.605139933,7.335027592,7.468096567,6.67817834,6.813092066,7.7029348,8.271108638
Cambodia,3.654031716,3.984000517,4.284028483,4.658246918,5.337833248,6.293046162,7.274595707,8.639235842,10.35191409,10.40185185,11.2422752,12.82954114,14.05444321,15.2279914,16.70261084,18.04995429,20.01674775,22.17720051,24.57175358
Kiribati,0.067254174,0.063101272,0.072196458,0.090231857,0.102367039,0.112133944,0.11023494,0.132671743,0.14104261,0.132419902,0.156120439,0.181705154,0.190243433,0.18511406,0.179703165,0.171117817,0.178328984,0.187276125,0.200157021
St. Kitts and Nevis,0.42169577,0.458643829,0.481077374,0.46986987,0.5069,0.547203704,0.644411111,0.689285185,0.751233333,0.747862963,0.76017037,0.817759259,0.800414815,0.83977037,0.916566667,0.923155556,1.008888889,1.060740741,1.078518519
Kuwait,37.71284224,34.88751223,38.13754525,47.87651007,59.4390906,80.79863014,101.5489318,114.6396904,147.3950893,105.9631689,115.4193999,154.0681159,174.0703823,174.1611425,162.6314125,114.5672981,109.4197286,120.7074355,138.1824003
Lao PDR,1.731198022,1.768619058,1.758176653,2.023324407,2.36639812,2.735558726,3.455031448,4.223152219,5.446434032,5.836138127,7.131773633,8.750107402,10.19284893,11.98325261,13.27924848,14.42638119,15.91249537,17.07116208,18.14165138
Lebanon,17.26036484,17.64975124,19.15223881,20.08291874,21.15982799,21.4973365,22.02270985,24.82735501,29.11891611,35.39958293,38.44390704,39.92712596,44.03599189,46.90933555,48.13341484,50.06594609,51.38931829,53.32480096,55.27615755
Liberia,0.874,0.906,0.927,0.748,0.897,0.949,1.119,1.373,1.726,1.768,1.998,2.398,2.791614,3.1771981,3.225652,3.2270757,3.3984196,3.3907034,3.4227548
Libya,38.27020695,34.11006445,20.48188976,26.265625,33.12230769,47.33414858,54.96193666,67.51623634,87.14040536,63.0283207,74.7734449,34.69939552,81.87366252,65.50287017,41.14272241,27.84213148,26.19714327,37.88324365,52.60788872
St. Lucia,0.932592593,0.892592593,0.9,0.987407407,1.066666667,1.135555556,1.268319185,1.336088815,1.437731111,1.401507889,1.486758037,1.576988407,1.605146778,1.664816741,1.755130815,1.808079889,1.865513444,1.996771444,2.065127259
Liechtenstein,2.483953103,2.491822707,2.688630823,3.07069132,3.454362686,3.659251526,4.000239273,4.601299567,5.081432924,4.504549214,5.082366478,5.739977477,5.456009385,6.391735894,6.657170923,6.268391521,6.237264055,6.474256119,6.839145107
Sri Lanka,16.33081418,15.7497538,16.53653565,18.88176544,20.66252594,24.40579104,28.27981492,32.35024841,40.71381231,42.06621787,56.72574922,65.29275301,68.43440932,74.31780654,79.35644984,80.60408069,82.40103871,87.42812812,87.96304234
Lesotho,0.887295268,0.825706961,0.775780698,1.157832935,1.511236656,1.682350935,1.80010559,1.682016947,1.766825413,1.740830511,2.234731974,2.579421686,2.477702253,2.36711317,2.441053176,2.359759799,2.114323794,2.306843529,2.514146888
Lithuania,11.52477687,12.237388,14.25978116,18.78172138,22.62750745,26.09767757,30.1835751,39.69789135,47.79755159,37.38812205,37.12869403,43.53505148,42.92745429,46.52342007,48.53365959,41.41887298,43.01808724,47.64077063,53.72466384
Luxembourg,21.17747098,21.36902819,23.53763787,29.60190406,35.00048051,37.65823405,42.87422532,51.52190391,58.60489087,54.25221311,56.15919276,61.615545,59.77980278,65.18474472,68.71329439,60.04743068,62.17465037,65.54986821,71.250209
Latvia,7.958852839,8.362398702,9.557031605,11.77197516,14.43570053,17.00345986,21.5700765,31.05435098,35.85427423,26.41090909,23.95616308,27.47438057,28.16990267,30.20478346,31.34514867,27.25212863,28.06453335,30.4085096,34.41221081
Morocco,38.85725134,39.45958122,42.23683682,52.06405883,59.62602016,62.34302265,68.64082548,79.04129487,92.50725778,92.89732038,93.21674666,101.3704743,98.26630662,106.8256499,110.0812486,101.1798081,103.3116492,109.682728,118.0962274
Moldova,1.288429392,1.480673594,1.661818168,1.980907435,2.598249556,2.988348836,3.408244549,4.401189466,6.054849885,5.439422031,6.974960345,8.414360656,8.709165249,9.496684701,9.510219299,7.74523166,8.071480541,9.669759987,11.4567284
Madagascar,4.629247091,5.438332738,5.351701534,6.37249872,5.064732716,5.859269849,6.395712392,8.524620739,10.72513793,9.616879571,9.982711338,11.55181962,11.57897489,12.42355527,12.52295723,11.32302083,11.84861374,13.17631359,13.7600331
Maldives,0.624337145,0.870030469,0.89703125,1.052121055,1.226829563,1.163362438,1.575200391,1.868383461,2.271646188,2.345294875,2.588176055,2.77435176,2.886170572,3.295011382,3.697351597,4.1094248,4.379136462,4.754175869,5.30096266
Mexico,707.9067446,756.7063006,772.1063789,729.3363197,782.240602,877.4762214,975.3871317,1052.696282,1109.989064,900.0453506,1057.801296,1180.489602,1201.089987,1274.443085,1315.351184,1171.867608,1078.490652,1158.913036,1222.408203
Marshall Islands,0.1153475,0.122824,0.1317382,0.1313985,0.1324402,0.1365595,0.1415158,0.1483467,0.1518989,0.1497696,0.1604071,0.1721885,0.1804363,0.1848404,0.1821428,0.1838143,0.2015109,0.2132041,0.2215889
Mali,2.961476518,3.468327017,3.908139487,4.714051055,5.454228771,6.247496491,6.905876385,8.156532186,9.838404005,10.23203686,10.6891672,12.99511341,12.44203627,13.24269143,14.364938,13.10476433,14.02604869,15.36571437,17.0708663
Malta,4.069515579,4.088368978,4.470446391,5.4484155,6.098092551,6.416184181,6.77832405,7.925371475,9.090406767,8.696366907,9.035932122,9.638916481,9.462238211,10.55166118,11.62628139,11.09143448,11.72152191,13.22129831,14.86471299
Myanmar,6.849321646,6.220271055,6.110633154,7.754647428,9.390855298,10.58843307,11.86301632,15.59118254,23.01301583,29.45516559,37.79605294,54.11860197,58.31867764,60.57225437,63.26489187,63.04530651,60.29173893,61.44939192,67.14472617
Montenegro,0.984297589,1.159869246,1.284685051,1.707710053,2.073234418,2.257174481,2.721903149,3.680711744,4.545674528,4.15933037,4.143033276,4.544516982,4.087725813,4.464260489,4.587928884,4.052913386,4.374128319,4.844592067,5.504166667
Mongolia,1.136896124,1.267997934,1.39655572,1.595297356,1.992066808,2.523471532,3.414055566,4.234999823,5.623216449,4.583850368,7.189481824,10.40979765,12.29277063,12.5821226,12.22651472,11.6198924,11.18135046,11.48084775,13.17809446
Mozambique,5.656473652,5.398568544,5.677003239,6.303391144,7.631120533,8.54207011,9.17688907,10.45084329,12.55619519,11.9144715,11.10464867,14.38155243,16.35080454,16.97432055,17.71608411,15.95096902,11.93699928,13.21908426,14.84587005
Mauritania,1.779523344,1.746064719,1.777058593,2.051147607,2.362501023,2.936019526,3.919577286,4.346206809,5.206444407,4.714592493,5.628882266,6.764635687,6.728208836,7.22306317,6.592537782,6.166857629,6.398744505,6.799075419,7.35443004
Mauritius,4.66331362,4.613630623,4.84131024,5.816553827,6.578844486,6.488750453,7.028803366,8.150138757,9.990370016,9.128843109,10.00367069,11.51839337,11.66868552,12.1296423,12.80344593,11.69228707,12.23246366,13.25935142,14.18195106
Malawi,1.743506531,1.716502862,3.495748398,3.208837077,3.476094499,3.655909664,3.998020177,4.432937046,5.321012192,6.191127665,6.959655571,8.004000737,6.028487929,5.518880769,6.047813437,6.373212641,5.43304016,8.943543677,9.880675786
Malaysia,93.78973684,92.78394737,100.8455263,110.2023684,124.7494737,143.5341026,162.6912382,193.5478241,230.8138977,202.2576252,255.0166092,297.9519608,314.4431494,323.2771589,338.0619634,301.354804,301.2553803,319.1121365,358.7916037
Namibia,3.92224799,3.557333364,3.34918476,4.926471294,6.609198833,7.24839416,8.001779551,8.839526452,8.607475308,8.938868165,11.43133445,12.52340233,13.04200743,12.0432764,12.43541606,11.33517956,10.72199468,12.89515316,13.68206225
Niger,2.24175312,2.448714681,2.782192987,3.394084885,3.760443966,4.383315657,4.75636148,5.731485267,7.297600897,7.352131669,7.851191899,8.772951262,9.426913349,10.22489793,10.8629442,9.683867894,10.39886224,11.1851024,12.80866053
Nigeria,69.44875693,74.03036447,95.38581932,104.9119478,136.3859793,176.1340872,236.1039824,275.625685,339.4762157,295.0087673,361.4566222,404.9935941,455.5015246,508.6929619,546.6763746,486.8032951,404.6500064,375.7464695,397.1904845
Nicaragua,5.107329007,5.323146566,5.224213018,5.322454926,5.795568205,6.321335612,6.763418646,7.423421958,8.496946608,8.298679909,8.758592272,9.774262742,10.53200661,10.98297927,11.88043407,12.75670658,13.28608364,13.78587663,13.02523991
Netherlands,416.4427861,431.2134228,471.6139657,578.7923251,657.1715918,685.0926502,733.3408606,847.481522,947.9976564,868.0772437,846.5548949,904.0859808,838.971307,876.9235189,890.9813111,765.2649498,783.5281817,831.809945,913.5970861
Norway,171.2471313,173.9722188,195.5241865,228.8585068,264.5116307,308.8842841,345.58137,400.9371002,462.25,386.1903853,428.7570385,498.2834385,509.5063171,522.7615319,498.4100503,385.8015501,368.8271429,398.3939553,436.9996926
Nepal,5.494252208,6.007055042,6.050875807,6.330473097,7.273938315,8.130258041,9.043715356,10.32561802,12.54543861,12.85498546,16.00265643,21.62171,21.7031065,22.16220896,22.73160297,24.36079541,24.52409818,28.97158921,33.11152518
Nauru,0.022,0.019,0.019,0.024,0.032,0.031,0.029,0.023,0.037,0.044,0.04756452,0.066055408,0.096927201,0.098491844,0.104654365,0.086529661,0.099723395,0.10935968,0.124021394
New Zealand,52.62328196,53.87242592,66.62772931,88.25088555,103.9052101,114.7201296,111.5388107,137.1889469,133.1313699,121.3736023,146.5175412,168.2913571,176.2066597,190.9065751,201.3134972,178.0644711,188.9434573,206.9506007,212.2257267
Oman,19.50745254,19.45200052,20.14275605,21.63370819,24.76371287,31.08199168,37.21577971,42.08537945,60.90545254,48.38836359,64.99349805,77.49752926,87.40884265,89.93602081,92.69908973,78.71079324,75.12873862,80.85669701,91.50585176
Pakistan,82.01774342,79.48440398,79.90498538,91.76054294,107.7596839,120.055292,137.2640611,152.3857163,170.0778141,168.1527753,177.1656351,213.5874132,224.3836208,231.2185672,244.3608888,270.5561317,278.6546377,304.5672532,314.5675416
Panama,12.304115,12.5020134,12.9943104,13.6939812,15.0133817,16.3743939,18.1416663,21.29598423,25.15588862,27.11663557,29.44028758,34.6862243,40.42973438,45.599994,49.92146437,54.09171378,57.90769541,62.2027252,64.92940921
Peru,51.74474913,52.03015878,54.77755352,58.73103012,66.7687035,76.06060606,88.64319306,102.1709811,120.5505998,120.8229865,147.528937,171.761737,192.6489991,201.1754691,200.7893625,189.8053008,191.8959438,211.0072075,222.5746973
Philippines,83.66969359,78.92123446,84.30729197,87.03914597,95.0020285,107.4199617,127.6528592,155.9803783,181.6245772,175.9747116,208.3687269,234.2169304,261.9205099,283.9027283,297.4832471,306.4461406,318.6267615,328.4808671,346.8420942
Palau,0.1462975,0.1569079,0.1631849,0.1539632,0.1651862,0.1904529,0.1923824,0.1988977,0.1982839,0.1875228,0.185943,0.1969111,0.2123978,0.2211172,0.2416698,0.2804577,0.2983,0.2853,0.2847
Papua New Guinea,3.521339699,3.081024212,2.99951104,3.536411824,3.927157867,4.865892972,8.355006707,9.545177014,11.67084093,11.6196378,14.25075523,17.9849105,21.29565924,21.26143279,23.21068254,21.72353117,20.7590691,22.74261355,24.10950985
Poland,172.2194611,190.9054935,199.0720588,217.8272608,255.1101815,306.1443363,344.6220031,429.0285054,533.6090819,439.7375084,479.834179,528.3012691,498.5235682,521.0162627,542.4770962,477.8119114,472.6303642,526.5088773,587.4117452
Portugal,118.3107103,121.4988895,134.1560917,164.8621422,189.0345021,197.1803308,208.5816949,240.1908034,262.3447796,243.7016352,237.8809083,244.7972266,216.2366088,226.3695021,229.5961708,199.3138943,206.2860228,220.8111105,242.1947885
Paraguay,8.85570514,8.495806432,7.196260657,7.691367471,9.624440836,10.73750019,13.42943005,17.85627047,24.61653762,22.35560127,27.23778285,33.75623877,33.29643831,38.65133429,40.37798721,36.2113727,36.08955066,38.99712947,40.22544834
Qatar,17.75989011,17.53846154,19.36373626,23.53379121,31.73406593,44.53049451,60.88214286,79.71208791,115.2700549,97.79835165,125.1223063,167.7752686,186.8335024,198.727643,206.2245986,161.7399556,151.7321819,161.0991222,183.3349538
Romania,37.25325902,40.39482468,46.06610195,57.80650602,74.97266906,98.45279198,122.0229975,174.5852028,214.313629,174.1036959,166.3093552,183.3267401,170.6358053,190.8013462,199.9593634,177.7292109,188.1288185,211.6954226,241.4574031
Russia,259.7101422,306.6020706,345.4704944,430.3477707,591.0166907,764.017108,989.9305423,1299.705765,1660.846388,1222.644282,1524.917468,2045.925608,2208.295774,2292.473247,2059.241965,1363.481063,1276.786979,1574.199387,1657.328866
Rwanda,2.0675285,1.965444515,1.964779921,2.137093489,2.375281627,2.932213575,3.317951468,4.068065929,5.177015141,5.671332138,6.121234529,6.88103827,7.65030032,7.815599503,8.241332517,8.539048448,8.690485823,9.253098954,9.640280084
Saudi Arabia,189.5149262,184.1374697,189.6059202,215.8076553,258.742263,328.4597001,376.9001357,415.9645831,519.7967386,429.0978993,528.2073326,671.2388401,735.9748434,746.6471274,756.3503473,654.2699029,644.9355414,688.5862443,786.5218316
Sudan,12.25741833,15.71648937,18.13683909,21.35557667,26.64549068,35.18210541,45.2645195,59.44013977,64.8319356,51.62104408,58.96297803,55.01856721,37.63291997,43.02401808,49.51674862,51.72675868,42.630376,41.28361798,30.96434968
Senegal,6.013184809,6.507824767,7.006402592,8.768721956,10.07681728,11.00903267,11.6979188,13.99421894,16.85399118,16.14586828,16.12131467,17.81428462,17.66087173,18.91866864,19.79725464,17.77476664,19.04031282,20.99656475,23.11669981
Singapore,96.07447796,89.79494335,92.53775271,97.64544828,115.0354988,127.8076184,148.6303732,180.9419415,193.6119867,194.152286,239.8093876,279.3511687,295.0872209,307.5763606,314.8511562,308.0041461,318.7638075,343.3377507,375.9815391
Solomon Islands,0.419933581,0.409435392,0.346431958,0.352522682,0.397611127,0.476898764,0.538668769,0.620230005,0.699157191,0.73594041,0.846797694,1.049952233,1.190994127,1.284698922,1.335538893,1.307061544,1.378551118,1.483758907,1.574599183
Sierra Leone,0.635874002,1.090467712,1.25334052,1.385810072,1.448536631,1.650494367,1.885112202,2.158496873,2.505458705,2.453899847,2.578026297,2.942546781,3.801862611,4.920343195,5.015157816,4.218723875,3.67479453,3.719369107,4.085114794
El Salvador,11.7849277,12.2825336,12.6641903,13.2438922,13.7248109,14.698,15.99989,17.01175,17.98689,17.60162,18.44792,20.28378,21.38615,21.99096,22.59347,23.43824,24.19143,24.97919,26.02085
Somalia,2.052,1.303,1.219,1.517,1.984,2.316,2.39,2.483,2.6,1.247,1.093,3.499,3.611,3.892,3.964,4.049,4.198,4.509,4.651
Serbia,6.875845987,12.96053872,17.12090692,22.48236532,26.14196816,27.68322596,32.48207036,43.17099062,52.19422147,45.16289438,41.81946869,49.25813613,43.30925292,48.39423947,47.06220668,39.65595884,40.69264337,44.17905528,50.64065022
Sao Tome and Principe,0.077,0.075951211,0.085171308,0.102085583,0.114582562,0.136450275,0.142775597,0.149146423,0.188021191,0.187820465,0.196652514,0.23148927,0.250680846,0.300554484,0.346528329,0.316066072,0.345495615,0.375614126,0.41225381
Suriname,0.94767197,0.834279358,1.093574468,1.274190311,1.484092538,1.793388732,2.626380435,2.936612022,3.532969035,3.875409836,4.368398048,4.422276622,4.98,5.145757576,5.240606061,5.126291451,3.317438911,3.591623596,3.996247906
Slovak Republic,29.16995301,30.75215034,35.13034067,46.81658916,57.33201515,62.78530531,70.70809811,86.45408158,100.4695093,89.04628925,90.7126719,99.36272049,94.25857269,98.54130546,100.9547194,88.60128984,89.61405314,95.15788867,105.5612189
Slovenia,20.28962764,20.87630997,23.48989027,29.63471364,34.4147845,36.20639597,39.48104504,48.00637284,55.55250915,50.3680564,48.16125041,51.51636665,46.58045747,48.40189681,49.93068501,43.09017339,44.73633352,48.46908271,54.13714215
Sweden,262.8354544,242.3958525,266.8490618,334.3372123,385.1180449,392.2180889,423.0934374,491.2525892,517.7061492,436.5370143,495.8125588,574.094113,552.4837273,586.8418218,581.9640172,505.1037813,515.6546715,541.0187498,555.4553715
Eswatini,1.738100853,1.542477309,1.432228125,2.197612701,2.770082792,3.178126492,3.291353836,3.469363996,3.294093485,3.580417067,4.438778424,4.820499924,4.886533033,4.59753203,4.42296834,4.063245671,3.816022047,4.402969226,4.665420239
Seychelles,0.614879765,0.622262057,0.697518248,0.705704816,0.839319927,0.919103255,1.016418229,1.033561654,0.967199594,0.84739785,0.969936525,1.06582667,1.060226126,1.328157609,1.343007845,1.377495054,1.426651769,1.528242026,1.547690759
Syria,80.59002227,86.77131403,90.55848552,95.69380846,112.8633408,134.2038307,153.7999109,180.0301114,218.0899777,224.5616927,252.5182183,64.31543794,42.80731598,20.34545847,21.2390004,16.49207214,12.35698064,16.11299141,21.49033509
Chad,1.388506727,1.710843361,1.997005787,2.742815195,4.422855929,6.649307057,7.428701809,8.650138069,10.39383472,9.290728773,10.66810273,12.17230952,12.36736368,12.9535355,13.94076807,10.95039222,10.09777835,10.00039524,11.23916705
Togo,1.491891108,1.482437752,1.706698099,2.115836353,2.259992642,2.281482855,2.351584608,2.662612348,3.32367713,3.379258565,3.429461495,3.87245925,3.873308389,4.321655656,4.574986537,4.180866177,6.031632168,6.395472574,7.112200725
Thailand,126.3922337,120.2964762,134.3008513,152.2806776,172.8957496,189.3185497,221.7581965,262.9424767,291.3829912,281.7104166,341.1048202,370.8191409,397.558223,420.3332032,407.3394541,401.2964374,413.3661507,456.3569614,506.6110702
Tajikistan,0.860521119,1.080768907,1.221120799,1.555301496,2.076182461,2.312327536,2.830220713,3.719506173,5.161337336,4.97948198,5.64217858,6.522732203,7.633049792,8.448469838,9.112544556,8.271454301,6.992393787,7.536439875,7.765014424
Turkmenistan,2.904732773,3.534803922,4.461978499,5.977560877,6.838351088,8.103901996,10.27667436,12.6641651,19.27152318,20.21438596,22.58315789,29.23333333,35.16421053,39.19754386,43.52421053,35.79971429,36.16942857,37.92628571,40.76542857
Timor-Leste,0.3670879,0.4774435,0.4695067,0.4904391,0.4407646,0.4622836,0.4538051,0.5427954,0.6484927,0.7268824,0.8818278,1.0424115,1.1603895,1.3955196,1.4473071,1.5944109,1.6506185,1.6156097,1.5838762
Tonga,0.204849613,0.181116953,0.182763694,0.20224696,0.230657965,0.261797606,0.292232117,0.298513956,0.344428609,0.312377379,0.366840012,0.414523388,0.470714083,0.450643615,0.439878828,0.437006227,0.420540179,0.460379145,0.489235527
Trinidad and Tobago,8.154338233,8.824873259,9.008273721,11.3054598,13.28027512,15.98228246,18.36936109,21.64162005,27.87158735,19.17216523,22.1579484,25.43301141,25.76322011,27.26847856,27.6158431,24.95985825,22.38626481,22.38542665,23.67991965
Tunisia,21.47326184,22.06603183,23.14215376,27.45300737,31.18305901,32.27300755,34.37731029,38.91407835,44.86096908,43.45493594,46.20633126,48.12283814,47.31119634,48.68384856,50.27134209,45.78006905,44.36077565,42.16397496,42.57027011
Turkey,274.3029591,201.7511484,240.2532163,314.5924281,408.8760427,506.3083115,557.0578291,681.337335,770.4621562,649.2725688,776.9925999,838.7627552,880.5563758,957.7830209,938.9526286,864.3166703,869.6929604,858.9962631,778.4719017
Tuvalu,0.013742057,0.013196545,0.015450994,0.018231079,0.021534932,0.021839099,0.022902861,0.027030374,0.03029022,0.027101076,0.031823519,0.03871181,0.037671775,0.037509075,0.037290608,0.035492074,0.0365478,0.040619252,0.042588165
Tanzania,13.37597635,13.58164425,14.14203508,15.2242577,16.67594841,18.39904603,18.64959025,21.84352902,27.94117743,29.08142528,32.01424984,34.6571395,39.65053021,45.68053261,49.96478881,47.37859903,49.774021,53.32062596,57.00371361
Uganda,6.193246837,5.840503869,6.178563591,6.606884391,7.939487474,9.239221859,9.977647645,11.9025644,14.44040402,25.12780557,26.67344167,27.87172521,27.30591576,28.915787,32.61239776,32.38718384,29.20398881,30.74447391,32.92702557
Ukraine,32.37528032,39.30958098,43.95636992,52.01023872,67.22015416,89.23937011,111.8847525,148.7338614,188.1111406,121.5527775,141.2098644,169.3330488,182.5924165,190.4988115,133.5034114,91.03095945,93.35599363,112.0905304,130.8910498
Uruguay,22.8232558,20.89878842,13.6064946,12.04563109,13.68632989,17.36285768,19.57945797,23.41057263,30.36621312,31.66091128,40.28448165,47.9624393,51.26439012,57.53123335,57.23601309,53.27430422,57.23665249,64.23396686,64.51503827
United States,10252.34546,10581.8214,10936.41905,11458.24388,12213.72915,13036.64023,13814.61141,14451.85866,14712.84408,14448.93303,14992.05273,15542.5811,16197.00735,16784.8492,17527.1637,18238.30057,18745.07569,19542.97918,20611.86093
Uzbekistan,13.76051397,11.40142133,9.687788513,10.13445344,12.03002355,14.30750984,17.33083385,22.31139393,29.54943888,33.68922367,49.7656764,60.1789093,67.51734921,73.18003669,80.84538438,86.19626519,86.13828862,62.0813233,52.63314381
St. Vincent and the Grenadines,0.396262963,0.430040741,0.461885185,0.481807407,0.521974074,0.55072963,0.61092963,0.684444444,0.69542963,0.674922222,0.681225926,0.67612963,0.692933333,0.721207407,0.727714815,0.7554,0.77442963,0.792177778,0.8113
Venezuela,117.1407235,122.9039602,92.89358773,83.62062858,112.4533823,145.5100081,178.521,232.857,306.764,268.624,318.281,352.54,353.191,258.993,203.822,323.595,279.249,143.841,98.4
Vietnam,31.1725184,32.68519874,35.0641055,39.55251332,45.42785469,57.63325562,66.37166482,77.41442553,99.1303041,106.0146598,115.9317497,135.5394386,155.8200019,171.2220251,186.2046529,193.2411087,205.2761721,223.7798658,245.2136864
Vanuatu,0.272014693,0.257926882,0.262596598,0.314471328,0.364996869,0.394962552,0.439376794,0.516392923,0.590748237,0.592622502,0.670713208,0.770153304,0.747839698,0.758304466,0.772315721,0.730870582,0.780889606,0.880043554,0.914727908
World,33815.9655,33609.21143,34884.36846,39128.64076,44095.86427,47773.98189,51769.42409,58321.35152,64014.45563,60730.36172,66488.28144,73653.7455,75312.27799,77439.50722,79557.66012,75112.44416,76305.05887,81193.29166,86267.60063
Samoa,0.26901971,0.273088357,0.288078881,0.338838639,0.420320176,0.465568018,0.50583244,0.570469197,0.619260722,0.58470602,0.663155955,0.737147951,0.760319276,0.770059551,0.75680594,0.787958586,0.799493884,0.832025574,0.821286928
Yemen,9.65243618,9.861560095,10.69462809,11.77796667,13.87279166,16.74634477,19.06197859,21.65053226,26.91085136,25.13027412,30.90674953,32.72641721,35.40134166,40.4152357,43.22858532,42.44510239,31.31736527,26.84012876,21.60614091
South Africa,151.7533695,135.429607,129.0881322,197.0202415,255.8066314,288.8684891,303.8608741,333.0754626,316.1321388,329.7530489,417.365077,458.2015141,434.4005451,400.8860136,381.1988698,346.7097905,323.5855097,381.4488147,404.8421167
Zambia,3.60068304,4.094480988,4.193845678,4.901839731,6.221077675,8.331870169,12.7568589,14.05695798,17.91085864,15.3283423,20.26555948,23.45951528,25.50306042,28.03723946,27.14102356,21.2512168,20.95841254,25.87360126,26.3115903
Zimbabwe,6.6899576,6.7773847,6.3421164,5.7275918,5.8055984,5.7552152,5.4438965,5.2919501,4.4157028,9.6657933,12.0416552,14.1019203,17.1148499,19.09102,19.4955196,19.9631206,20.5486781,17.58489094,18.11554379
