year,country,GDP
2018,Afghanistan,18.05322858
2018,Angola,101.3532308
2018,Albania,15.15643231
2018,Andorra,3.218316013
2018,United Arab Emirates,422.2150436
2018,Argentina,524.8197429
2018,Armenia,12.45794191
2018,Antigua and Barbuda,1.605944444
2018,Australia,1428.529571
2018,Austria,454.945881
2018,Azerbaijan,47.11294118
2018,Burundi,2.668495743
2018,Belgium,543.0084993
2018,Benin,14.26240701
2018,Burkina Faso,15.89006502
2018,Bangladesh,274.0389734
2018,Bulgaria,66.36342245
2018,Bahrain,37.80146277
2018,Bahamas,12.8378
2018,Bosnia and Herzegovina,20.17740935
2018,Belarus,60.03126227
2018,Belize,1.915899787
2018,Bolivia,40.28764793
2018,Brazil,1916.933708
2018,Barbados,5.0865
2018,Brunei,13.56735118
2018,Bhutan,2.446866405
2018,Botswana,16.9142451
2018,Central African Republic,2.220978978
2018,Canada,1725.329193
2018,Switzerland,735.5393016
2018,Chile,297.5716931
2018,China,13894.81755
2018,Cameroon,39.97383906
2018,"Congo, Dem. Rep.",47.14600459
2018,"Congo, Rep.",13.670037
2018,Colombia,334.1982147
2018,Comoros,1.188797575
2018,Costa Rica,62.4201651
2018,Cuba,100.05
2018,Cyprus,25.52267123
2018,Czech Republic,248.9501034
2018,Germany,3975.347237
2018,Djibouti,3.012803457
2018,Dominica,0.550622222
2018,Denmark,356.8412164
2018,Dominican Republic,85.55537804
2018,Algeria,174.9108786
2018,Ecuador,107.562008
2018,Egypt,249.7129994
2018,Eritrea,2.006
2018,Spain,1420.300233
2018,Estonia,30.47461206
2018,Ethiopia,84.26934833
2018,European Union,15971.54003
2018,Finland,275.5804484
2018,Fiji,5.581371848
2018,France,2789.593979
2018,Micronesia,0.4019323
2018,Gabon,16.86732513
2018,United Kingdom,2900.791443
2018,Georgia,17.59970009
2018,Ghana,67.29928068
2018,Guinea,11.85703034
2018,Gambia,1.670670669
2018,Guinea-Bissau,1.504630121
2018,Equatorial Guinea,13.09701219
2018,Greece,211.9458978
2018,Grenada,1.166523556
2018,Guatemala,73.20858376
2018,Guyana,4.787636237
2018,Honduras,23.90043856
2018,Croatia,62.24787495
2018,Haiti,16.45503435
2018,Hungary,160.5868338
2018,Indonesia,1042.271531
2018,India,2701.111783
2018,Ireland,384.8536852
2018,Iran,294.3566806
2018,Iraq,227.367469
2018,Iceland,26.26706376
2018,Israel,373.6412414
2018,Italy,2090.910879
2018,Jamaica,15.73079385
2018,Jordan,42.93211268
2018,Japan,5036.891741
2018,Kazakhstan,179.3399949
2018,Kenya,92.20295632
2018,Kyrgyz Republic,8.271108638
2018,Cambodia,24.57175358
2018,Kiribati,0.200157021
2018,St. Kitts and Nevis,1.078518519
2018,Kuwait,138.1824003
2018,Lao PDR,18.14165138
2018,Lebanon,55.27615755
2018,Liberia,3.4227548
2018,Libya,52.60788872
2018,St. Lucia,2.065127259
2018,Liechtenstein,6.839145107
2018,Sri Lanka,87.96304234
2018,Lesotho,2.514146888
2018,Lithuania,53.72466384
2018,Luxembourg,71.250209
2018,Latvia,34.41221081
2018,Morocco,118.0962274
2018,Moldova,11.4567284
2018,Madagascar,13.7600331
2018,Maldives,5.30096266
2018,Mexico,1222.408203
2018,Marshall Islands,0.2215889
2018,Mali,17.0708663
2018,Malta,14.86471299
2018,Myanmar,67.14472617
2018,Montenegro,5.504166667
2018,Mongolia,13.17809446
2018,Mozambique,14.84587005
2018,Mauritania,7.35443004
2018,Mauritius,14.18195106
2018,Malawi,9.880675786
2018,Malaysia,358.7916037
2018,Namibia,13.68206225
2018,Niger,12.80866053
2018,Nigeria,397.1904845
2018,Nicaragua,13.02523991
2018,Netherlands,913.5970861
2018,Norway,436.9996926
2018,Nepal,33.11152518
2018,Nauru,0.124021394
2018,New Zealand,212.2257267
2018,Oman,91.50585176
2018,Pakistan,314.5675416
2018,Panama,64.92940921
2018,Peru,222.5746973
2018,Philippines,346.8420942
2018,Palau,0.2847
2018,Papua New Guinea,24.10950985
2018,Poland,587.4117452
2018,Portugal,242.1947885
2018,Paraguay,40.22544834
2018,Qatar,183.3349538
2018,Romania,241.4574031
2018,Russia,1657.328866
2018,Rwanda,9.640280084
2018,Saudi Arabia,786.5218316
2018,Sudan,30.96434968
2018,Senegal,23.11669981
2018,Singapore,375.9815391
2018,Solomon Islands,1.574599183
2018,Sierra Leone,4.085114794
2018,El Salvador,26.02085
2018,Somalia,4.651
2018,Serbia,50.64065022
2018,Sao Tome and Principe,0.41225381
2018,Suriname,3.996247906
2018,Slovak Republic,105.5612189
2018,Slovenia,54.13714215
2018,Sweden,555.4553715
2018,Eswatini,4.665420239
2018,Seychelles,1.547690759
2018,Syria,21.49033509
2018,Chad,11.23916705
2018,Togo,7.112200725
2018,Thailand,506.6110702
2018,Tajikistan,7.765014424
2018,Turkmenistan,40.76542857
2018,Timor-Leste,1.5838762
2018,Tonga,0.489235527
2018,Trinidad and Tobago,23.67991965
2018,Tunisia,42.57027011
2018,Turkey,778.4719017
2018,Tuvalu,0.042588165
2018,Tanzania,57.00371361
2018,Uganda,32.92702557
2018,Ukraine,130.8910498
2018,Uruguay,64.51503827
2018,United States,20611.86093
2018,Uzbekistan,52.63314381
2018,St. Vincent and the Grenadines,0.8113
2018,Venezuela,98.4
2018,Vietnam,245.2136864
2018,Vanuatu,0.914727908
2018,World,86267.60063
2018,Samoa,0.821286928
2018,Yemen,21.60614091
2018,South Africa,404.8421167
2018,Zambia,26.3115903
2018,Zimbabwe,18.11554379
2017,Afghanistan,18.75346963
2017,Angola,122.1238223
2017,Albania,13.01968934
2017,Andorra,3.00018075
2017,United Arab Emirates,385.6055068
2017,Argentina,643.6286653
2017,Armenia,11.52745857
2017,Antigua and Barbuda,1.467977778
2017,Australia,1326.882872
2017,Austria,416.2304974
2017,Azerbaijan,40.86555891
2017,Burundi,2.748180474
2017,Belgium,501.5228684
2017,Benin,12.70165474
2017,Burkina Faso,14.10695683
2017,Bangladesh,249.7109225
2017,Bulgaria,59.19944742
2017,Bahrain,35.4737766
2017,Bahamas,12.3597
2017,Bosnia and Herzegovina,18.07907577
2017,Belarus,54.72659525
2017,Belize,1.858529677
2017,Bolivia,37.50864217
2017,Brazil,2063.514689
2017,Barbados,4.978
2017,Brunei,12.12810486
2017,Bhutan,2.450364928
2017,Botswana,16.08843768
2017,Central African Republic,2.072349794
2017,Canada,1649.265644
2017,Switzerland,704.478517
2017,Chile,277.0346755
2017,China,12310.40937
2017,Cameroon,36.09855014
2017,"Congo, Dem. Rep.",38.01926563
2017,"Congo, Rep.",11.09017775
2017,Colombia,311.8837307
2017,Comoros,1.077439663
2017,Costa Rica,60.51604359
2017,Cuba,96.851
2017,Cyprus,22.87083371
2017,Czech Republic,218.628941
2017,Germany,3681.732584
2017,Djibouti,2.751445574
2017,Dominica,0.519837037
2017,Denmark,332.1210638
2017,Dominican Republic,79.99797562
2017,Algeria,170.0970146
2017,Ecuador,104.295862
2017,Egypt,235.7336957
2017,Eritrea,1.904
2017,Spain,1309.297247
2017,Estonia,26.85788062
2017,Ethiopia,81.77079197
2017,European Union,14734.76453
2017,Finland,255.0165175
2017,Fiji,5.353404422
2017,France,2588.740902
2017,Micronesia,0.3666668
2017,Gabon,14.92948877
2017,United Kingdom,2699.016715
2017,Georgia,16.24291692
2017,Ghana,60.4063829
2017,Guinea,10.32466827
2017,Gambia,1.504909753
2017,Guinea-Bissau,1.350177128
2017,Equatorial Guinea,12.20091389
2017,Greece,199.3507811
2017,Grenada,1.125685185
2017,Guatemala,71.65413438
2017,Guyana,4.748174334
2017,Honduras,22.97541584
2017,Croatia,56.21442743
2017,Haiti,15.03556037
2017,Hungary,143.1362456
2017,Indonesia,1015.618743
2017,India,2651.472946
2017,Ireland,334.6022999
2017,Iran,445.3452565
2017,Iraq,187.2176601
2017,Iceland,24.72828518
2017,Israel,355.2772235
2017,Italy,1956.95047
2017,Jamaica,14.80898999
2017,Jordan,41.40896085
2017,Japan,4930.837369
2017,Kazakhstan,166.8058006
2017,Kenya,82.03580087
2017,Kyrgyz Republic,7.7029348
2017,Cambodia,22.17720051
2017,Kiribati,0.187276125
2017,St. Kitts and Nevis,1.060740741
2017,Kuwait,120.7074355
2017,Lao PDR,17.07116208
2017,Lebanon,53.32480096
2017,Liberia,3.3907034
2017,Libya,37.88324365
2017,St. Lucia,1.996771444
2017,Liechtenstein,6.474256119
2017,Sri Lanka,87.42812812
2017,Lesotho,2.306843529
2017,Lithuania,47.64077063
2017,Luxembourg,65.54986821
2017,Latvia,30.4085096
2017,Morocco,109.682728
2017,Moldova,9.669759987
2017,Madagascar,13.17631359
2017,Maldives,4.754175869
2017,Mexico,1158.913036
2017,Marshall Islands,0.2132041
2017,Mali,15.36571437
2017,Malta,13.22129831
2017,Myanmar,61.44939192
2017,Montenegro,4.844592067
2017,Mongolia,11.48084775
2017,Mozambique,13.21908426
2017,Mauritania,6.799075419
2017,Mauritius,13.25935142
2017,Malawi,8.943543677
2017,Malaysia,319.1121365
2017,Namibia,12.89515316
2017,Niger,11.1851024
2017,Nigeria,375.7464695
2017,Nicaragua,13.78587663
2017,Netherlands,831.809945
2017,Norway,398.3939553
2017,Nepal,28.97158921
2017,Nauru,0.10935968
2017,New Zealand,206.9506007
2017,Oman,80.85669701
2017,Pakistan,304.5672532
2017,Panama,62.2027252
2017,Peru,211.0072075
2017,Philippines,328.4808671
2017,Palau,0.2853
2017,Papua New Guinea,22.74261355
2017,Poland,526.5088773
2017,Portugal,220.8111105
2017,Paraguay,38.99712947
2017,Qatar,161.0991222
2017,Romania,211.6954226
2017,Russia,1574.199387
2017,Rwanda,9.253098954
2017,Saudi Arabia,688.5862443
2017,Sudan,41.28361798
2017,Senegal,20.99656475
2017,Singapore,343.3377507
2017,Solomon Islands,1.483758907
2017,Sierra Leone,3.719369107
2017,El Salvador,24.97919
2017,Somalia,4.509
2017,Serbia,44.17905528
2017,Sao Tome and Principe,0.375614126
2017,Suriname,3.591623596
2017,Slovak Republic,95.15788867
2017,Slovenia,48.46908271
2017,Sweden,541.0187498
2017,Eswatini,4.402969226
2017,Seychelles,1.528242026
2017,Syria,16.11299141
2017,Chad,10.00039524
2017,Togo,6.395472574
2017,Thailand,456.3569614
2017,Tajikistan,7.536439875
2017,Turkmenistan,37.92628571
2017,Timor-Leste,1.6156097
2017,Tonga,0.460379145
2017,Trinidad and Tobago,22.38542665
2017,Tunisia,42.16397496
2017,Turkey,858.9962631
2017,Tuvalu,0.040619252
2017,Tanzania,53.32062596
2017,Uganda,30.74447391
2017,Ukraine,112.0905304
2017,Uruguay,64.23396686
2017,United States,19542.97918
2017,Uzbekistan,62.0813233
2017,St. Vincent and the Grenadines,0.792177778
2017,Venezuela,143.841
2017,Vietnam,223.7798658
2017,Vanuatu,0.880043554
2017,World,81193.29166
2017,Samoa,0.832025574
2017,Yemen,26.84012876
2017,South Africa,381.4488147
2017,Zambia,25.87360126
2017,Zimbabwe,17.58489094
2016,Afghanistan,18.11656246
2016,Angola,101.1238511
2016,Albania,11.86119983
2016,Andorra,2.896679212
2016,United Arab Emirates,357.0450647
2016,Argentina,557.5313762
2016,Armenia,10.54613516
2016,Antigua and Barbuda,1.436585185
2016,Australia,1206.685107
2016,Austria,395.5686443
2016,Azerbaijan,37.86751896
2016,Burundi,2.732808557
2016,Belgium,475.7395888
2016,Benin,11.82106615
2016,Burkina Faso,12.83336337
2016,Bangladesh,221.415188
2016,Bulgaria,53.95389762
2016,Bahrain,32.2349734
2016,Bahamas,11.9926
2016,Bosnia and Herzegovina,16.91428735
2016,Belarus,47.72265782
2016,Belize,1.789304088
2016,Bolivia,33.9411262
2016,Brazil,1795.693266
2016,Barbados,4.83
2016,Brunei,11.40085427
2016,Bhutan,2.158972129
2016,Botswana,15.08257806
2016,Central African Republic,1.825018191
2016,Canada,1527.994742
2016,Switzerland,695.6006529
2016,Chile,250.4401497
2016,China,11233.27654
2016,Cameroon,33.8143379
2016,"Congo, Dem. Rep.",37.13479997
2016,"Congo, Rep.",10.21599
2016,Colombia,282.8250099
2016,Comoros,1.012835518
2016,Costa Rica,58.84701604
2016,Cuba,91.37
2016,Cyprus,20.95344255
2016,Czech Republic,196.2720686
2016,Germany,3467.498002
2016,Djibouti,2.603540257
2016,Dominica,0.57622963
2016,Denmark,313.1159293
2016,Dominican Republic,75.70472019
2016,Algeria,160.0341639
2016,Ecuador,99.937696
2016,Egypt,332.4417178
2016,Eritrea,2.213
2016,Spain,1232.076017
2016,Estonia,24.05648777
2016,Ethiopia,74.29661848
2016,European Union,13885.15582
2016,Finland,240.607907
2016,Fiji,4.93020423
2016,France,2471.285607
2016,Micronesia,0.3322652
2016,Gabon,14.02389062
2016,United Kingdom,2722.851958
2016,Georgia,15.14175857
2016,Ghana,56.1651729
2016,Guinea,8.595955581
2016,Gambia,1.484579844
2016,Guinea-Bissau,1.179004941
2016,Equatorial Guinea,11.24080885
2016,Greece,193.0170306
2016,Grenada,1.061640741
2016,Guatemala,66.05372505
2016,Guyana,4.482697337
2016,Honduras,21.56662285
2016,Croatia,52.29515834
2016,Haiti,13.98769374
2016,Hungary,128.6361083
2016,Indonesia,931.8773642
2016,India,2294.797981
2016,Ireland,298.7252294
2016,Iran,417.9835836
2016,Iraq,166.6024887
2016,Iceland,20.79316803
2016,Israel,319.0244173
2016,Italy,1875.797464
2016,Jamaica,14.0771094
2016,Jordan,39.89255113
2016,Japan,5003.677628
2016,Kazakhstan,137.2783201
2016,Kenya,74.81512131
2016,Kyrgyz Republic,6.813092066
2016,Cambodia,20.01674775
2016,Kiribati,0.178328984
2016,St. Kitts and Nevis,1.008888889
2016,Kuwait,109.4197286
2016,Lao PDR,15.91249537
2016,Lebanon,51.38931829
2016,Liberia,3.3984196
2016,Libya,26.19714327
2016,St. Lucia,1.865513444
2016,Liechtenstein,6.237264055
2016,Sri Lanka,82.40103871
2016,Lesotho,2.114323794
2016,Lithuania,43.01808724
2016,Luxembourg,62.17465037
2016,Latvia,28.06453335
2016,Morocco,103.3116492
2016,Moldova,8.071480541
2016,Madagascar,11.84861374
2016,Maldives,4.379136462
2016,Mexico,1078.490652
2016,Marshall Islands,0.2015109
2016,Mali,14.02604869
2016,Malta,11.72152191
2016,Myanmar,60.29173893
2016,Montenegro,4.374128319
2016,Mongolia,11.18135046
2016,Mozambique,11.93699928
2016,Mauritania,6.398744505
2016,Mauritius,12.23246366
2016,Malawi,5.43304016
2016,Malaysia,301.2553803
2016,Namibia,10.72199468
2016,Niger,10.39886224
2016,Nigeria,404.6500064
2016,Nicaragua,13.28608364
2016,Netherlands,783.5281817
2016,Norway,368.8271429
2016,Nepal,24.52409818
2016,Nauru,0.099723395
2016,New Zealand,188.9434573
2016,Oman,75.12873862
2016,Pakistan,278.6546377
2016,Panama,57.90769541
2016,Peru,191.8959438
2016,Philippines,318.6267615
2016,Palau,0.2983
2016,Papua New Guinea,20.7590691
2016,Poland,472.6303642
2016,Portugal,206.2860228
2016,Paraguay,36.08955066
2016,Qatar,151.7321819
2016,Romania,188.1288185
2016,Russia,1276.786979
2016,Rwanda,8.690485823
2016,Saudi Arabia,644.9355414
2016,Sudan,42.630376
2016,Senegal,19.04031282
2016,Singapore,318.7638075
2016,Solomon Islands,1.378551118
2016,Sierra Leone,3.67479453
2016,El Salvador,24.19143
2016,Somalia,4.198
2016,Serbia,40.69264337
2016,Sao Tome and Principe,0.345495615
2016,Suriname,3.317438911
2016,Slovak Republic,89.61405314
2016,Slovenia,44.73633352
2016,Sweden,515.6546715
2016,Eswatini,3.816022047
2016,Seychelles,1.426651769
2016,Syria,12.35698064
2016,Chad,10.09777835
2016,Togo,6.031632168
2016,Thailand,413.3661507
2016,Tajikistan,6.992393787
2016,Turkmenistan,36.16942857
2016,Timor-Leste,1.6506185
2016,Tonga,0.420540179
2016,Trinidad and Tobago,22.38626481
2016,Tunisia,44.36077565
2016,Turkey,869.6929604
2016,Tuvalu,0.0365478
2016,Tanzania,49.774021
2016,Uganda,29.20398881
2016,Ukraine,93.35599363
2016,Uruguay,57.23665249
2016,United States,18745.07569
2016,Uzbekistan,86.13828862
2016,St. Vincent and the Grenadines,0.77442963
2016,Venezuela,279.249
2016,Vietnam,205.2761721
2016,Vanuatu,0.780889606
2016,World,76305.05887
2016,Samoa,0.799493884
2016,Yemen,31.31736527
2016,South Africa,323.5855097
2016,Zambia,20.95841254
2016,Zimbabwe,20.5486781
2015,Afghanistan,19.13421176
2015,Angola,116.1936491
2015,Albania,11.38685013
2015,Andorra,2.789870188
2015,United Arab Emirates,358.1350579
2015,Argentina,594.7492854
2015,Armenia,10.55333767
2015,Antigua and Barbuda,1.336692593
2015,Australia,1350.534154
2015,Austria,381.8175659
2015,Azerbaijan,53.07437049
2015,Burundi,3.104394858
2015,Belgium,462.1496793
2015,Benin,11.38816096
2015,Burkina Faso,11.83215928
2015,Bangladesh,195.0786787
2015,Bulgaria,50.78199671
2015,Bahrain,31.0506383
2015,Bahamas,11.8906
2015,Bosnia and Herzegovina,16.21981902
2015,Belarus,56.4547344
2015,Belize,1.721700991
2015,Bolivia,33.00019825
2015,Brazil,1802.212
2015,Barbados,4.715
2015,Brunei,12.93039494
2015,Bhutan,2.003598213
2015,Botswana,13.57875407
2015,Central African Republic,1.695825708
2015,Canada,1556.508816
2015,Switzerland,702.1495808
2015,Chile,243.9190794
2015,China,11061.55308
2015,Cameroon,32.21023291
2015,"Congo, Dem. Rep.",37.9177049
2015,"Congo, Rep.",11.8854785
2015,Colombia,293.4817482
2015,Comoros,0.966029542
2015,Costa Rica,56.44191765
2015,Cuba,87.133
2015,Cyprus,19.8424043
2015,Czech Republic,188.0330505
2015,Germany,3356.235704
2015,Djibouti,2.430274292
2015,Dominica,0.540737037
2015,Denmark,302.6730708
2015,Dominican Republic,71.16482526
2015,Algeria,165.9792793
2015,Ecuador,99.290381
2015,Egypt,329.3665768
2015,Eritrea,2.016
2015,Spain,1195.11927
2015,Estonia,22.88155819
2015,Ethiopia,64.58933498
2015,European Union,13547.24776
2015,Finland,234.440081
2015,Fiji,4.682546863
2015,France,2438.207896
2015,Micronesia,0.3164899
2015,Gabon,14.38310771
2015,United Kingdom,2956.573779
2015,Georgia,14.95395056
2015,Ghana,49.40656843
2015,Guinea,8.794202444
2015,Gambia,1.378176868
2015,Guinea-Bissau,1.048229629
2015,Equatorial Guinea,13.18549688
2015,Greece,195.6048467
2015,Grenada,0.997007926
2015,Guatemala,62.18618658
2015,Guyana,4.279840194
2015,Honduras,20.8339488
2015,Croatia,50.16319288
2015,Haiti,14.83315447
2015,Hungary,125.2103246
2015,Indonesia,860.8542351
2015,India,2103.587814
2015,Ireland,291.4627993
2015,Iran,384.9514797
2015,Iraq,166.7741097
2015,Iceland,17.51721052
2015,Israel,300.0782781
2015,Italy,1835.899237
2015,Jamaica,14.18893595
2015,Jordan,38.58701789
2015,Japan,4444.930652
2015,Kazakhstan,184.3884321
2015,Kenya,70.12041333
2015,Kyrgyz Republic,6.67817834
2015,Cambodia,18.04995429
2015,Kiribati,0.171117817
2015,St. Kitts and Nevis,0.923155556
2015,Kuwait,114.5672981
2015,Lao PDR,14.42638119
2015,Lebanon,50.06594609
2015,Liberia,3.2270757
2015,Libya,27.84213148
2015,St. Lucia,1.808079889
2015,Liechtenstein,6.268391521
2015,Sri Lanka,80.60408069
2015,Lesotho,2.359759799
2015,Lithuania,41.41887298
2015,Luxembourg,60.04743068
2015,Latvia,27.25212863
2015,Morocco,101.1798081
2015,Moldova,7.74523166
2015,Madagascar,11.32302083
2015,Maldives,4.1094248
2015,Mexico,1171.867608
2015,Marshall Islands,0.1838143
2015,Mali,13.10476433
2015,Malta,11.09143448
2015,Myanmar,63.04530651
2015,Montenegro,4.052913386
2015,Mongolia,11.6198924
2015,Mozambique,15.95096902
2015,Mauritania,6.166857629
2015,Mauritius,11.69228707
2015,Malawi,6.373212641
2015,Malaysia,301.354804
2015,Namibia,11.33517956
2015,Niger,9.683867894
2015,Nigeria,486.8032951
2015,Nicaragua,12.75670658
2015,Netherlands,765.2649498
2015,Norway,385.8015501
2015,Nepal,24.36079541
2015,Nauru,0.086529661
2015,New Zealand,178.0644711
2015,Oman,78.71079324
2015,Pakistan,270.5561317
2015,Panama,54.09171378
2015,Peru,189.8053008
2015,Philippines,306.4461406
2015,Palau,0.2804577
2015,Papua New Guinea,21.72353117
2015,Poland,477.8119114
2015,Portugal,199.3138943
2015,Paraguay,36.2113727
2015,Qatar,161.7399556
2015,Romania,177.7292109
2015,Russia,1363.481063
2015,Rwanda,8.539048448
2015,Saudi Arabia,654.2699029
2015,Sudan,51.72675868
2015,Senegal,17.77476664
2015,Singapore,308.0041461
2015,Solomon Islands,1.307061544
2015,Sierra Leone,4.218723875
2015,El Salvador,23.43824
2015,Somalia,4.049
2015,Serbia,39.65595884
2015,Sao Tome and Principe,0.316066072
2015,Suriname,5.126291451
2015,Slovak Republic,88.60128984
2015,Slovenia,43.09017339
2015,Sweden,505.1037813
2015,Eswatini,4.063245671
2015,Seychelles,1.377495054
2015,Syria,16.49207214
2015,Chad,10.95039222
2015,Togo,4.180866177
2015,Thailand,401.2964374
2015,Tajikistan,8.271454301
2015,Turkmenistan,35.79971429
2015,Timor-Leste,1.5944109
2015,Tonga,0.437006227
2015,Trinidad and Tobago,24.95985825
2015,Tunisia,45.78006905
2015,Turkey,864.3166703
2015,Tuvalu,0.035492074
2015,Tanzania,47.37859903
2015,Uganda,32.38718384
2015,Ukraine,91.03095945
2015,Uruguay,53.27430422
2015,United States,18238.30057
2015,Uzbekistan,86.19626519
2015,St. Vincent and the Grenadines,0.7554
2015,Venezuela,323.595
2015,Vietnam,193.2411087
2015,Vanuatu,0.730870582
2015,World,75112.44416
2015,Samoa,0.787958586
2015,Yemen,42.44510239
2015,South Africa,346.7097905
2015,Zambia,21.2512168
2015,Zimbabwe,19.9631206
2014,Afghanistan,20.49712677
2014,Angola,145.7122003
2014,Albania,13.22814752
2014,Andorra,3.271808157
2014,United Arab Emirates,403.1371001
2014,Argentina,526.3196737
2014,Armenia,11.60951294
2014,Antigua and Barbuda,1.249733333
2014,Australia,1467.50482
2014,Austria,441.9961317
2014,Azerbaijan,75.24429428
2014,Burundi,2.705783272
2014,Belgium,534.6780758
2014,Benin,13.28452865
2014,Burkina Faso,13.94301692
2014,Bangladesh,172.8854549
2014,Bulgaria,57.08201126
2014,Bahrain,33.38771277
2014,Bahamas,11.1429
2014,Bosnia and Herzegovina,18.56086139
2014,Belarus,78.81383998
2014,Belize,1.667335061
2014,Bolivia,32.99618801
2014,Brazil,2456.043766
2014,Barbados,4.6965
2014,Brunei,17.09834254
2014,Bhutan,1.907090813
2014,Botswana,15.65466071
2014,Central African Republic,1.894813505
2014,Canada,1805.749878
2014,Switzerland,734.396591
2014,Chile,260.5416373
2014,China,10475.68292
2014,Cameroon,36.38654692
2014,"Congo, Dem. Rep.",35.90904027
2014,"Congo, Rep.",17.88907996
2014,Colombia,381.1121197
2014,Comoros,1.149587652
2014,Costa Rica,52.01640895
2014,Cuba,80.656
2014,Cyprus,23.15685001
2014,Czech Republic,209.3588342
2014,Germany,3883.920155
2014,Djibouti,2.214679081
2014,Dominica,0.520207407
2014,Denmark,352.9936316
2014,Dominican Republic,67.17991403
2014,Algeria,213.8100249
2014,Ecuador,101.726331
2014,Egypt,305.5954089
2014,Eritrea,2.604
2014,Spain,1369.398845
2014,Estonia,26.59865788
2014,Ethiopia,55.61222823
2014,European Union,15634.24127
2014,Finland,274.4972308
2014,Fiji,4.85696323
2014,France,2852.165761
2014,Micronesia,0.3192712
2014,Gabon,18.203968
2014,United Kingdom,3087.165603
2014,Georgia,17.62700345
2014,Ghana,54.78284775
2014,Guinea,8.778473615
2014,Gambia,1.229460602
2014,Guinea-Bissau,1.054915645
2014,Equatorial Guinea,21.76545309
2014,Greece,235.1449495
2014,Grenada,0.911497407
2014,Guatemala,57.85239996
2014,Guyana,4.127659492
2014,Honduras,19.61856725
2014,Croatia,58.33028976
2014,Haiti,15.13926467
2014,Hungary,141.0789848
2014,Indonesia,890.8147552
2014,India,2039.127446
2014,Ireland,258.6251927
2014,Iran,432.6870362
2014,Iraq,228.4156562
2014,Iceland,17.86766218
2014,Israel,310.9449376
2014,Italy,2159.13392
2014,Jamaica,13.89922882
2014,Jordan,36.84764352
2014,Japan,4896.994405
2014,Kazakhstan,221.4155728
2014,Kenya,68.28576855
2014,Kyrgyz Republic,7.468096567
2014,Cambodia,16.70261084
2014,Kiribati,0.179703165
2014,St. Kitts and Nevis,0.916566667
2014,Kuwait,162.6314125
2014,Lao PDR,13.27924848
2014,Lebanon,48.13341484
2014,Liberia,3.225652
2014,Libya,41.14272241
2014,St. Lucia,1.755130815
2014,Liechtenstein,6.657170923
2014,Sri Lanka,79.35644984
2014,Lesotho,2.441053176
2014,Lithuania,48.53365959
2014,Luxembourg,68.71329439
2014,Latvia,31.34514867
2014,Morocco,110.0812486
2014,Moldova,9.510219299
2014,Madagascar,12.52295723
2014,Maldives,3.697351597
2014,Mexico,1315.351184
2014,Marshall Islands,0.1821428
2014,Mali,14.364938
2014,Malta,11.62628139
2014,Myanmar,63.26489187
2014,Montenegro,4.587928884
2014,Mongolia,12.22651472
2014,Mozambique,17.71608411
2014,Mauritania,6.592537782
2014,Mauritius,12.80344593
2014,Malawi,6.047813437
2014,Malaysia,338.0619634
2014,Namibia,12.43541606
2014,Niger,10.8629442
2014,Nigeria,546.6763746
2014,Nicaragua,11.88043407
2014,Netherlands,890.9813111
2014,Norway,498.4100503
2014,Nepal,22.73160297
2014,Nauru,0.104654365
2014,New Zealand,201.3134972
2014,Oman,92.69908973
2014,Pakistan,244.3608888
2014,Panama,49.92146437
2014,Peru,200.7893625
2014,Philippines,297.4832471
2014,Palau,0.2416698
2014,Papua New Guinea,23.21068254
2014,Poland,542.4770962
2014,Portugal,229.5961708
2014,Paraguay,40.37798721
2014,Qatar,206.2245986
2014,Romania,199.9593634
2014,Russia,2059.241965
2014,Rwanda,8.241332517
2014,Saudi Arabia,756.3503473
2014,Sudan,49.51674862
2014,Senegal,19.79725464
2014,Singapore,314.8511562
2014,Solomon Islands,1.335538893
2014,Sierra Leone,5.015157816
2014,El Salvador,22.59347
2014,Somalia,3.964
2014,Serbia,47.06220668
2014,Sao Tome and Principe,0.346528329
2014,Suriname,5.240606061
2014,Slovak Republic,100.9547194
2014,Slovenia,49.93068501
2014,Sweden,581.9640172
2014,Eswatini,4.42296834
2014,Seychelles,1.343007845
2014,Syria,21.2390004
2014,Chad,13.94076807
2014,Togo,4.574986537
2014,Thailand,407.3394541
2014,Tajikistan,9.112544556
2014,Turkmenistan,43.52421053
2014,Timor-Leste,1.4473071
2014,Tonga,0.439878828
2014,Trinidad and Tobago,27.6158431
2014,Tunisia,50.27134209
2014,Turkey,938.9526286
2014,Tuvalu,0.037290608
2014,Tanzania,49.96478881
2014,Uganda,32.61239776
2014,Ukraine,133.5034114
2014,Uruguay,57.23601309
2014,United States,17527.1637
2014,Uzbekistan,80.84538438
2014,St. Vincent and the Grenadines,0.727714815
2014,Venezuela,203.822
2014,Vietnam,186.2046529
2014,Vanuatu,0.772315721
2014,World,79557.66012
2014,Samoa,0.75680594
2014,Yemen,43.22858532
2014,South Africa,381.1988698
2014,Zambia,27.14102356
2014,Zimbabwe,19.4955196
2013,Afghanistan,20.146405
2013,Angola,136.7098628
2013,Albania,12.77622051
2013,Andorra,3.193704343
2013,United Arab Emirates,390.1075562
2013,Argentina,552.0251403
2013,Armenia,11.12146577
2013,Antigua and Barbuda,1.181448148
2013,Australia,1576.335283
2013,Austria,430.068713
2013,Azerbaijan,74.16443595
2013,Burundi,2.451625333
2013,Belgium,521.6427144
2013,Benin,12.51784573
2013,Burkina Faso,13.44430114
2013,Bangladesh,149.990451
2013,Bulgaria,55.81013844
2013,Bahrain,32.53946809
2013,Bahamas,10.4946
2013,Bosnia and Herzegovina,18.17233578
2013,Belarus,75.52798423
2013,Belize,1.579411253
2013,Bolivia,30.65933888
2013,Brazil,2472.819362
2013,Barbados,4.677
2013,Brunei,18.09382992
2013,Bhutan,1.756215665
2013,Botswana,14.90175099
2013,Central African Republic,1.691544192
2013,Canada,1846.597422
2013,Switzerland,712.7481242
2013,Chile,278.3843327
2013,China,9570.406236
2013,Cameroon,33.72862282
2013,"Congo, Dem. Rep.",32.6797453
2013,"Congo, Rep.",17.95361793
2013,Colombia,382.1161264
2013,Comoros,1.116224161
2013,Costa Rica,50.94967221
2013,Cuba,77.148
2013,Cyprus,23.90087263
2013,Czech Republic,211.6856166
2013,Germany,3732.743446
2013,Djibouti,2.042817163
2013,Dominica,0.498296296
2013,Denmark,343.5843916
2013,Dominican Republic,62.68216384
2013,Algeria,209.7550033
2013,Ecuador,95.129659
2013,Egypt,288.4341085
2013,Eritrea,1.958
2013,Spain,1354.757433
2013,Estonia,25.10861509
2013,Ethiopia,47.64821113
2013,European Union,15296.01355
2013,Finland,271.2852806
2013,Fiji,4.190143206
2013,France,2811.077726
2013,Micronesia,0.3172144
2013,Gabon,17.59574565
2013,United Kingdom,2803.291406
2013,Georgia,17.18955152
2013,Ghana,62.82304371
2013,Guinea,8.376613843
2013,Gambia,1.375608956
2013,Guinea-Bissau,1.046087418
2013,Equatorial Guinea,21.94883429
2013,Greece,238.8397889
2013,Grenada,0.842620111
2013,Guatemala,52.9965407
2013,Guyana,4.167800259
2013,Honduras,18.37217338
2013,Croatia,58.88908232
2013,Haiti,14.90247409
2013,Hungary,135.7325957
2013,Indonesia,912.5241367
2013,India,1856.722121
2013,Ireland,238.2115472
2013,Iran,460.2931493
2013,Iraq,234.6376751
2013,Iceland,16.12506052
2013,Israel,294.1673665
2013,Italy,2141.315327
2013,Jamaica,14.26420274
2013,Jordan,34.45444014
2013,Japan,5212.328181
2013,Kazakhstan,236.6345521
2013,Kenya,61.67142537
2013,Kyrgyz Republic,7.335027592
2013,Cambodia,15.2279914
2013,Kiribati,0.18511406
2013,St. Kitts and Nevis,0.83977037
2013,Kuwait,174.1611425
2013,Lao PDR,11.98325261
2013,Lebanon,46.90933555
2013,Liberia,3.1771981
2013,Libya,65.50287017
2013,St. Lucia,1.664816741
2013,Liechtenstein,6.391735894
2013,Sri Lanka,74.31780654
2013,Lesotho,2.36711317
2013,Lithuania,46.52342007
2013,Luxembourg,65.18474472
2013,Latvia,30.20478346
2013,Morocco,106.8256499
2013,Moldova,9.496684701
2013,Madagascar,12.42355527
2013,Maldives,3.295011382
2013,Mexico,1274.443085
2013,Marshall Islands,0.1848404
2013,Mali,13.24269143
2013,Malta,10.55166118
2013,Myanmar,60.57225437
2013,Montenegro,4.464260489
2013,Mongolia,12.5821226
2013,Mozambique,16.97432055
2013,Mauritania,7.22306317
2013,Mauritius,12.1296423
2013,Malawi,5.518880769
2013,Malaysia,323.2771589
2013,Namibia,12.0432764
2013,Niger,10.22489793
2013,Nigeria,508.6929619
2013,Nicaragua,10.98297927
2013,Netherlands,876.9235189
2013,Norway,522.7615319
2013,Nepal,22.16220896
2013,Nauru,0.098491844
2013,New Zealand,190.9065751
2013,Oman,89.93602081
2013,Pakistan,231.2185672
2013,Panama,45.599994
2013,Peru,201.1754691
2013,Philippines,283.9027283
2013,Palau,0.2211172
2013,Papua New Guinea,21.26143279
2013,Poland,521.0162627
2013,Portugal,226.3695021
2013,Paraguay,38.65133429
2013,Qatar,198.727643
2013,Romania,190.8013462
2013,Russia,2292.473247
2013,Rwanda,7.815599503
2013,Saudi Arabia,746.6471274
2013,Sudan,43.02401808
2013,Senegal,18.91866864
2013,Singapore,307.5763606
2013,Solomon Islands,1.284698922
2013,Sierra Leone,4.920343195
2013,El Salvador,21.99096
2013,Somalia,3.892
2013,Serbia,48.39423947
2013,Sao Tome and Principe,0.300554484
2013,Suriname,5.145757576
2013,Slovak Republic,98.54130546
2013,Slovenia,48.40189681
2013,Sweden,586.8418218
2013,Eswatini,4.59753203
2013,Seychelles,1.328157609
2013,Syria,20.34545847
2013,Chad,12.9535355
2013,Togo,4.321655656
2013,Thailand,420.3332032
2013,Tajikistan,8.448469838
2013,Turkmenistan,39.19754386
2013,Timor-Leste,1.3955196
2013,Tonga,0.450643615
2013,Trinidad and Tobago,27.26847856
2013,Tunisia,48.68384856
2013,Turkey,957.7830209
2013,Tuvalu,0.037509075
2013,Tanzania,45.68053261
2013,Uganda,28.915787
2013,Ukraine,190.4988115
2013,Uruguay,57.53123335
2013,United States,16784.8492
2013,Uzbekistan,73.18003669
2013,St. Vincent and the Grenadines,0.721207407
2013,Venezuela,258.993
2013,Vietnam,171.2220251
2013,Vanuatu,0.758304466
2013,World,77439.50722
2013,Samoa,0.770059551
2013,Yemen,40.4152357
2013,South Africa,400.8860136
2013,Zambia,28.03723946
2013,Zimbabwe,19.09102
2012,Afghanistan,19.90731707
2012,Angola,128.0528536
2012,Albania,12.31983044
2012,Andorra,3.188808943
2012,United Arab Emirates,374.5906059
2012,Argentina,545.9823757
2012,Armenia,10.61932005
2012,Antigua and Barbuda,1.199948148
2012,Australia,1546.508558
2012,Austria,409.4252342
2012,Azerbaijan,69.68393585
2012,Burundi,2.333308099
2012,Belgium,496.1812603
2012,Benin,11.14135895
2012,Burkina Faso,12.56101609
2012,Bangladesh,133.3557495
2012,Bulgaria,54.30085742
2012,Bahrain,30.74930851
2012,Bahamas,10.7205
2012,Bosnia and Herzegovina,17.22119247
2012,Belarus,65.68510255
2012,Belize,1.522897506
2012,Bolivia,27.08449748
2012,Brazil,2465.228294
2012,Barbados,4.61
2012,Brunei,19.0479403
2012,Bhutan,1.781281282
2012,Botswana,14.38000418
2012,Central African Republic,2.510126699
2012,Canada,1828.366482
2012,Switzerland,692.109694
2012,Chile,267.1223201
2012,China,8532.229987
2012,Cameroon,30.15506457
2012,"Congo, Dem. Rep.",29.30623583
2012,"Congo, Rep.",17.69392457
2012,Colombia,370.9213205
2012,Comoros,1.015843369
2012,Costa Rica,47.23165186
2012,Cuba,73.141
2012,Cyprus,24.97851343
2012,Czech Republic,208.8577193
2012,Germany,3527.344944
2012,Djibouti,1.353632942
2012,Dominica,0.485996296
2012,Denmark,327.1489438
2012,Dominican Republic,60.6815372
2012,Algeria,209.058992
2012,Ecuador,87.924544
2012,Egypt,279.1166667
2012,Eritrea,2.255
2012,Spain,1324.820091
2012,Estonia,23.02046678
2012,Ethiopia,43.31072141
2012,European Union,14636.91715
2012,Finland,258.3048346
2012,Fiji,3.972012571
2012,France,2683.825225
2012,Micronesia,0.3272487
2012,Gabon,17.17046529
2012,United Kingdom,2719.158341
2012,Georgia,16.48840308
2012,Ghana,41.27095474
2012,Guinea,7.638045254
2012,Gambia,1.415006238
2012,Guinea-Bissau,0.98927123
2012,Equatorial Guinea,22.38834412
2012,Greece,242.0431514
2012,Grenada,0.799882259
2012,Guatemala,49.59396114
2012,Guyana,4.063089192
2012,Honduras,18.40053886
2012,Croatia,57.19234692
2012,Haiti,13.70892647
2012,Hungary,128.8573705
2012,Indonesia,917.8699101
2012,India,1827.637859
2012,Ireland,225.5097096
2012,Iran,598.8684609
2012,Iraq,218.0024817
2012,Iceland,14.75150813
2012,Israel,258.4171042
2012,Italy,2087.077032
2012,Jamaica,14.80708689
2012,Jordan,31.63456169
2012,Japan,6272.362996
2012,Kazakhstan,207.9985689
2012,Kenya,56.39670601
2012,Kyrgyz Republic,6.605139933
2012,Cambodia,14.05444321
2012,Kiribati,0.190243433
2012,St. Kitts and Nevis,0.800414815
2012,Kuwait,174.0703823
2012,Lao PDR,10.19284893
2012,Lebanon,44.03599189
2012,Liberia,2.791614
2012,Libya,81.87366252
2012,St. Lucia,1.605146778
2012,Liechtenstein,5.456009385
2012,Sri Lanka,68.43440932
2012,Lesotho,2.477702253
2012,Lithuania,42.92745429
2012,Luxembourg,59.77980278
2012,Latvia,28.16990267
2012,Morocco,98.26630662
2012,Moldova,8.709165249
2012,Madagascar,11.57897489
2012,Maldives,2.886170572
2012,Mexico,1201.089987
2012,Marshall Islands,0.1804363
2012,Mali,12.44203627
2012,Malta,9.462238211
2012,Myanmar,58.31867764
2012,Montenegro,4.087725813
2012,Mongolia,12.29277063
2012,Mozambique,16.35080454
2012,Mauritania,6.728208836
2012,Mauritius,11.66868552
2012,Malawi,6.028487929
2012,Malaysia,314.4431494
2012,Namibia,13.04200743
2012,Niger,9.426913349
2012,Nigeria,455.5015246
2012,Nicaragua,10.53200661
2012,Netherlands,838.971307
2012,Norway,509.5063171
2012,Nepal,21.7031065
2012,Nauru,0.096927201
2012,New Zealand,176.2066597
2012,Oman,87.40884265
2012,Pakistan,224.3836208
2012,Panama,40.42973438
2012,Peru,192.6489991
2012,Philippines,261.9205099
2012,Palau,0.2123978
2012,Papua New Guinea,21.29565924
2012,Poland,498.5235682
2012,Portugal,216.2366088
2012,Paraguay,33.29643831
2012,Qatar,186.8335024
2012,Romania,170.6358053
2012,Russia,2208.295774
2012,Rwanda,7.65030032
2012,Saudi Arabia,735.9748434
2012,Sudan,37.63291997
2012,Senegal,17.66087173
2012,Singapore,295.0872209
2012,Solomon Islands,1.190994127
2012,Sierra Leone,3.801862611
2012,El Salvador,21.38615
2012,Somalia,3.611
2012,Serbia,43.30925292
2012,Sao Tome and Principe,0.250680846
2012,Suriname,4.98
2012,Slovak Republic,94.25857269
2012,Slovenia,46.58045747
2012,Sweden,552.4837273
2012,Eswatini,4.886533033
2012,Seychelles,1.060226126
2012,Syria,42.80731598
2012,Chad,12.36736368
2012,Togo,3.873308389
2012,Thailand,397.558223
2012,Tajikistan,7.633049792
2012,Turkmenistan,35.16421053
2012,Timor-Leste,1.1603895
2012,Tonga,0.470714083
2012,Trinidad and Tobago,25.76322011
2012,Tunisia,47.31119634
2012,Turkey,880.5563758
2012,Tuvalu,0.037671775
2012,Tanzania,39.65053021
2012,Uganda,27.30591576
2012,Ukraine,182.5924165
2012,Uruguay,51.26439012
2012,United States,16197.00735
2012,Uzbekistan,67.51734921
2012,St. Vincent and the Grenadines,0.692933333
2012,Venezuela,353.191
2012,Vietnam,155.8200019
2012,Vanuatu,0.747839698
2012,World,75312.27799
2012,Samoa,0.760319276
2012,Yemen,35.40134166
2012,South Africa,434.4005451
2012,Zambia,25.50306042
2012,Zimbabwe,17.1148499
2011,Afghanistan,17.80511312
2011,Angola,111.7896865
2011,Albania,12.89076453
2011,Andorra,3.629203786
2011,United Arab Emirates,350.6660313
2011,Argentina,530.1632816
2011,Armenia,10.14211133
2011,Antigua and Barbuda,1.137637037
2011,Australia,1397.907917
2011,Austria,431.1203101
2011,Azerbaijan,65.9516272
2011,Burundi,2.235820868
2011,Belgium,522.6455192
2011,Benin,10.69332195
2011,Burkina Faso,12.08029664
2011,Bangladesh,128.6379387
2011,Bulgaria,57.67824102
2011,Bahrain,28.77659574
2011,Bahamas,10.07045
2011,Bosnia and Herzegovina,18.64472385
2011,Belarus,61.75778894
2011,Belize,1.460797903
2011,Bolivia,23.96303343
2011,Brazil,2616.156607
2011,Barbados,4.6575
2011,Brunei,18.52531998
2011,Bhutan,1.777101317
2011,Botswana,15.35197236
2011,Central African Republic,2.43798284
2011,Canada,1793.32663
2011,Switzerland,722.0382421
2011,Chile,252.251992
2011,China,7551.500124
2011,Cameroon,30.63091218
2011,"Congo, Dem. Rep.",25.8397492
2011,"Congo, Rep.",15.63489727
2011,Colombia,334.9438719
2011,Comoros,1.023086184
2011,Costa Rica,42.76261708
2011,Cuba,68.99
2011,Cyprus,27.5654691
2011,Czech Republic,229.5627334
2011,Germany,3744.408603
2011,Djibouti,1.239144502
2011,Dominica,0.501025926
2011,Denmark,344.0031376
2011,Dominican Republic,58.02975075
2011,Algeria,200.0130522
2011,Ecuador,79.276664
2011,Egypt,235.989673
2011,Eritrea,2.065001626
2011,Spain,1478.772824
2011,Estonia,23.18361605
2011,Ethiopia,31.95276309
2011,European Union,15741.78999
2011,Finland,275.2436978
2011,Fiji,3.774530616
2011,France,2861.40817
2011,Micronesia,0.3113016
2011,Gabon,18.21030875
2011,United Kingdom,2674.891474
2011,Georgia,15.10744145
2011,Ghana,39.33731481
2011,Guinea,6.785137173
2011,Gambia,1.409694554
2011,Guinea-Bissau,1.099818652
2011,Equatorial Guinea,21.35734368
2011,Greece,282.6256109
2011,Grenada,0.778655926
2011,Guatemala,46.87611465
2011,Guyana,3.691384318
2011,Honduras,17.58809857
2011,Croatia,63.16991082
2011,Haiti,13.00875411
2011,Hungary,141.9999602
2011,Indonesia,892.9691079
2011,India,1823.049928
2011,Ireland,238.6628333
2011,Iran,580.7649029
2011,Iraq,185.7496644
2011,Iceland,15.22162293
2011,Israel,262.2938711
2011,Italy,2291.991046
2011,Jamaica,14.4446553
2011,Jordan,29.52414915
2011,Japan,6233.147172
2011,Kazakhstan,192.626508
2011,Kenya,46.86945732
2011,Kyrgyz Republic,6.197766119
2011,Cambodia,12.82954114
2011,Kiribati,0.181705154
2011,St. Kitts and Nevis,0.817759259
2011,Kuwait,154.0681159
2011,Lao PDR,8.750107402
2011,Lebanon,39.92712596
2011,Liberia,2.398
2011,Libya,34.69939552
2011,St. Lucia,1.576988407
2011,Liechtenstein,5.739977477
2011,Sri Lanka,65.29275301
2011,Lesotho,2.579421686
2011,Lithuania,43.53505148
2011,Luxembourg,61.615545
2011,Latvia,27.47438057
2011,Morocco,101.3704743
2011,Moldova,8.414360656
2011,Madagascar,11.55181962
2011,Maldives,2.77435176
2011,Mexico,1180.489602
2011,Marshall Islands,0.1721885
2011,Mali,12.99511341
2011,Malta,9.638916481
2011,Myanmar,54.11860197
2011,Montenegro,4.544516982
2011,Mongolia,10.40979765
2011,Mozambique,14.38155243
2011,Mauritania,6.764635687
2011,Mauritius,11.51839337
2011,Malawi,8.004000737
2011,Malaysia,297.9519608
2011,Namibia,12.52340233
2011,Niger,8.772951262
2011,Nigeria,404.9935941
2011,Nicaragua,9.774262742
2011,Netherlands,904.0859808
2011,Norway,498.2834385
2011,Nepal,21.62171
2011,Nauru,0.066055408
2011,New Zealand,168.2913571
2011,Oman,77.49752926
2011,Pakistan,213.5874132
2011,Panama,34.6862243
2011,Peru,171.761737
2011,Philippines,234.2169304
2011,Palau,0.1969111
2011,Papua New Guinea,17.9849105
2011,Poland,528.3012691
2011,Portugal,244.7972266
2011,Paraguay,33.75623877
2011,Qatar,167.7752686
2011,Romania,183.3267401
2011,Russia,2045.925608
2011,Rwanda,6.88103827
2011,Saudi Arabia,671.2388401
2011,Sudan,55.01856721
2011,Senegal,17.81428462
2011,Singapore,279.3511687
2011,Solomon Islands,1.049952233
2011,Sierra Leone,2.942546781
2011,El Salvador,20.28378
2011,Somalia,3.499
2011,Serbia,49.25813613
2011,Sao Tome and Principe,0.23148927
2011,Suriname,4.422276622
2011,Slovak Republic,99.36272049
2011,Slovenia,51.51636665
2011,Sweden,574.094113
2011,Eswatini,4.820499924
2011,Seychelles,1.06582667
2011,Syria,64.31543794
2011,Chad,12.17230952
2011,Togo,3.87245925
2011,Thailand,370.8191409
2011,Tajikistan,6.522732203
2011,Turkmenistan,29.23333333
2011,Timor-Leste,1.0424115
2011,Tonga,0.414523388
2011,Trinidad and Tobago,25.43301141
2011,Tunisia,48.12283814
2011,Turkey,838.7627552
2011,Tuvalu,0.03871181
2011,Tanzania,34.6571395
2011,Uganda,27.87172521
2011,Ukraine,169.3330488
2011,Uruguay,47.9624393
2011,United States,15542.5811
2011,Uzbekistan,60.1789093
2011,St. Vincent and the Grenadines,0.67612963
2011,Venezuela,352.54
2011,Vietnam,135.5394386
2011,Vanuatu,0.770153304
2011,World,73653.7455
2011,Samoa,0.737147951
2011,Yemen,32.72641721
2011,South Africa,458.2015141
2011,Zambia,23.45951528
2011,Zimbabwe,14.1019203
2010,Afghanistan,15.8566786
2010,Angola,83.79949661
2010,Albania,11.92692283
2010,Andorra,3.449966857
2010,United Arab Emirates,289.7873383
2010,Argentina,423.6274221
2010,Armenia,9.260284938
2010,Antigua and Barbuda,1.1487
2010,Australia,1147.589183
2010,Austria,391.8927465
2010,Azerbaijan,52.90929479
2010,Burundi,2.032135247
2010,Belgium,480.9516295
2010,Benin,9.535344283
2010,Burkina Faso,10.10961896
2010,Bangladesh,115.2790775
2010,Bulgaria,50.68206105
2010,Bahrain,25.71327128
2010,Bahamas,10.09576
2010,Bosnia and Herzegovina,17.17678105
2010,Belarus,57.22249077
2010,Belize,1.3771771
2010,Bolivia,19.64963131
2010,Brazil,2208.838109
2010,Barbados,4.53
2010,Brunei,13.70737074
2010,Bhutan,1.547991318
2010,Botswana,12.7866545
2010,Central African Republic,2.142591376
2010,Canada,1617.343367
2010,Switzerland,603.4344934
2010,Chile,218.5375512
2010,China,6087.163875
2010,Cameroon,27.50749971
2010,"Congo, Dem. Rep.",21.56572004
2010,"Congo, Rep.",13.1355807
2010,Colombia,286.5631052
2010,Comoros,0.907978724
2010,Costa Rica,37.6586148
2010,Cuba,64.328
2010,Cyprus,25.73243272
2010,Czech Republic,209.069941
2010,Germany,3396.354076
2010,Djibouti,1.1286117
2010,Dominica,0.493825926
2010,Denmark,321.9952794
2010,Dominican Republic,53.86017556
2010,Algeria,161.2072702
2010,Ecuador,69.555367
2010,Egypt,218.9836661
2010,Eritrea,1.589515447
2010,Spain,1420.722034
2010,Estonia,19.52347733
2010,Ethiopia,29.93379033
2010,European Union,14545.4303
2010,Finland,249.1811905
2010,Fiji,3.140508836
2010,France,2642.609549
2010,Micronesia,0.2969441
2010,Gabon,14.37259192
2010,United Kingdom,2491.110093
2010,Georgia,12.24350558
2010,Ghana,32.1972728
2010,Guinea,6.853467858
2010,Gambia,1.543292393
2010,Guinea-Bissau,0.849878424
2010,Equatorial Guinea,16.31444343
2010,Greece,296.8353466
2010,Grenada,0.771013259
2010,Guatemala,40.67643203
2010,Guyana,3.432913073
2010,Honduras,15.72964916
2010,Croatia,60.42601863
2010,Haiti,11.85931508
2010,Hungary,132.2311342
2010,Indonesia,755.0941604
2010,India,1675.615336
2010,Ireland,221.659743
2010,Iran,486.8076153
2010,Iraq,138.5167226
2010,Iceland,13.75116192
2010,Israel,234.6545896
2010,Italy,2134.017843
2010,Jamaica,13.22055688
2010,Jordan,27.13380423
2010,Japan,5759.071769
2010,Kazakhstan,148.0473482
2010,Kenya,45.40558756
2010,Kyrgyz Republic,4.794357795
2010,Cambodia,11.2422752
2010,Kiribati,0.156120439
2010,St. Kitts and Nevis,0.76017037
2010,Kuwait,115.4193999
2010,Lao PDR,7.131773633
2010,Lebanon,38.44390704
2010,Liberia,1.998
2010,Libya,74.7734449
2010,St. Lucia,1.486758037
2010,Liechtenstein,5.082366478
2010,Sri Lanka,56.72574922
2010,Lesotho,2.234731974
2010,Lithuania,37.12869403
2010,Luxembourg,56.15919276
2010,Latvia,23.95616308
2010,Morocco,93.21674666
2010,Moldova,6.974960345
2010,Madagascar,9.982711338
2010,Maldives,2.588176055
2010,Mexico,1057.801296
2010,Marshall Islands,0.1604071
2010,Mali,10.6891672
2010,Malta,9.035932122
2010,Myanmar,37.79605294
2010,Montenegro,4.143033276
2010,Mongolia,7.189481824
2010,Mozambique,11.10464867
2010,Mauritania,5.628882266
2010,Mauritius,10.00367069
2010,Malawi,6.959655571
2010,Malaysia,255.0166092
2010,Namibia,11.43133445
2010,Niger,7.851191899
2010,Nigeria,361.4566222
2010,Nicaragua,8.758592272
2010,Netherlands,846.5548949
2010,Norway,428.7570385
2010,Nepal,16.00265643
2010,Nauru,0.04756452
2010,New Zealand,146.5175412
2010,Oman,64.99349805
2010,Pakistan,177.1656351
2010,Panama,29.44028758
2010,Peru,147.528937
2010,Philippines,208.3687269
2010,Palau,0.185943
2010,Papua New Guinea,14.25075523
2010,Poland,479.834179
2010,Portugal,237.8809083
2010,Paraguay,27.23778285
2010,Qatar,125.1223063
2010,Romania,166.3093552
2010,Russia,1524.917468
2010,Rwanda,6.121234529
2010,Saudi Arabia,528.2073326
2010,Sudan,58.96297803
2010,Senegal,16.12131467
2010,Singapore,239.8093876
2010,Solomon Islands,0.846797694
2010,Sierra Leone,2.578026297
2010,El Salvador,18.44792
2010,Somalia,1.093
2010,Serbia,41.81946869
2010,Sao Tome and Principe,0.196652514
2010,Suriname,4.368398048
2010,Slovak Republic,90.7126719
2010,Slovenia,48.16125041
2010,Sweden,495.8125588
2010,Eswatini,4.438778424
2010,Seychelles,0.969936525
2010,Syria,252.5182183
2010,Chad,10.66810273
2010,Togo,3.429461495
2010,Thailand,341.1048202
2010,Tajikistan,5.64217858
2010,Turkmenistan,22.58315789
2010,Timor-Leste,0.8818278
2010,Tonga,0.366840012
2010,Trinidad and Tobago,22.1579484
2010,Tunisia,46.20633126
2010,Turkey,776.9925999
2010,Tuvalu,0.031823519
2010,Tanzania,32.01424984
2010,Uganda,26.67344167
2010,Ukraine,141.2098644
2010,Uruguay,40.28448165
2010,United States,14992.05273
2010,Uzbekistan,49.7656764
2010,St. Vincent and the Grenadines,0.681225926
2010,Venezuela,318.281
2010,Vietnam,115.9317497
2010,Vanuatu,0.670713208
2010,World,66488.28144
2010,Samoa,0.663155955
2010,Yemen,30.90674953
2010,South Africa,417.365077
2010,Zambia,20.26555948
2010,Zimbabwe,12.0416552
2009,Afghanistan,12.41616105
2009,Angola,70.30716368
2009,Albania,12.04420809
2009,Andorra,3.674409558
2009,United Arab Emirates,253.5473587
2009,Argentina,332.9764846
2009,Armenia,8.647936748
2009,Antigua and Barbuda,1.22832963
2009,Australia,928.0429981
2009,Austria,400.1722979
2009,Azerbaijan,44.29149042
2009,Burundi,1.781455092
2009,Belgium,481.3459294
2009,Benin,9.738626993
2009,Burkina Faso,9.450697336
2009,Bangladesh,102.4777915
2009,Bulgaria,52.02350466
2009,Bahrain,22.93821809
2009,Bahamas,9.98196
2009,Bosnia and Herzegovina,17.61383653
2009,Belarus,50.87407805
2009,Belize,1.31730945
2009,Bolivia,17.33999217
2009,Brazil,1666.996294
2009,Barbados,4.4655
2009,Brunei,10.73236629
2009,Bhutan,1.234014292
2009,Botswana,10.26713318
2009,Central African Republic,2.059094048
2009,Canada,1374.625142
2009,Switzerland,558.1998686
2009,Chile,172.3894984
2009,China,5101.703073
2009,Cameroon,27.93297168
2009,"Congo, Dem. Rep.",18.64837331
2009,"Congo, Rep.",9.684321633
2009,Colombia,232.3978357
2009,Comoros,0.905341091
2009,Costa Rica,30.74571201
2009,Cuba,62.08
2009,Cyprus,25.94539178
2009,Czech Republic,207.4342968
2009,Germany,3397.791053
2009,Djibouti,1.049110685
2009,Dominica,0.489074074
2009,Denmark,321.2413037
2009,Dominican Republic,48.2610333
2009,Algeria,137.2110358
2009,Ecuador,62.519686
2009,Egypt,189.1470054
2009,Eritrea,1.856695551
2009,Spain,1485.583495
2009,Estonia,19.6330314
2009,Ethiopia,32.43738912
2009,European Union,14713.15799
2009,Finland,252.4965268
2009,Fiji,2.870624636
2009,France,2690.222284
2009,Micronesia,0.2802846
2009,Gabon,12.11369966
2009,United Kingdom,2425.798411
2009,Georgia,10.76683628
2009,Ghana,26.04810819
2009,Guinea,6.716904569
2009,Gambia,1.450140386
2009,Guinea-Bissau,0.83012647
2009,Equatorial Guinea,15.02779517
2009,Greece,330.0002515
2009,Grenada,0.771275556
2009,Guatemala,37.12594356
2009,Guyana,3.165663153
2009,Honduras,14.48615961
2009,Croatia,63.08400471
2009,Haiti,11.59701481
2009,Hungary,131.114229
2009,Indonesia,539.5800856
2009,India,1341.886603
2009,Ireland,235.5094651
2009,Iran,416.3970257
2009,Iraq,111.6575817
2009,Iceland,13.15441422
2009,Israel,207.9534392
2009,Italy,2191.241873
2009,Jamaica,12.12046087
2009,Jordan,24.53787606
2009,Japan,5289.493118
2009,Kazakhstan,115.3086611
2009,Kenya,42.34721791
2009,Kyrgyz Republic,4.690062255
2009,Cambodia,10.40185185
2009,Kiribati,0.132419902
2009,St. Kitts and Nevis,0.747862963
2009,Kuwait,105.9631689
2009,Lao PDR,5.836138127
2009,Lebanon,35.39958293
2009,Liberia,1.768
2009,Libya,63.0283207
2009,St. Lucia,1.401507889
2009,Liechtenstein,4.504549214
2009,Sri Lanka,42.06621787
2009,Lesotho,1.740830511
2009,Lithuania,37.38812205
2009,Luxembourg,54.25221311
2009,Latvia,26.41090909
2009,Morocco,92.89732038
2009,Moldova,5.439422031
2009,Madagascar,9.616879571
2009,Maldives,2.345294875
2009,Mexico,900.0453506
2009,Marshall Islands,0.1497696
2009,Mali,10.23203686
2009,Malta,8.696366907
2009,Myanmar,29.45516559
2009,Montenegro,4.15933037
2009,Mongolia,4.583850368
2009,Mozambique,11.9144715
2009,Mauritania,4.714592493
2009,Mauritius,9.128843109
2009,Malawi,6.191127665
2009,Malaysia,202.2576252
2009,Namibia,8.938868165
2009,Niger,7.352131669
2009,Nigeria,295.0087673
2009,Nicaragua,8.298679909
2009,Netherlands,868.0772437
2009,Norway,386.1903853
2009,Nepal,12.85498546
2009,Nauru,0.044
2009,New Zealand,121.3736023
2009,Oman,48.38836359
2009,Pakistan,168.1527753
2009,Panama,27.11663557
2009,Peru,120.8229865
2009,Philippines,175.9747116
2009,Palau,0.1875228
2009,Papua New Guinea,11.6196378
2009,Poland,439.7375084
2009,Portugal,243.7016352
2009,Paraguay,22.35560127
2009,Qatar,97.79835165
2009,Romania,174.1036959
2009,Russia,1222.644282
2009,Rwanda,5.671332138
2009,Saudi Arabia,429.0978993
2009,Sudan,51.62104408
2009,Senegal,16.14586828
2009,Singapore,194.152286
2009,Solomon Islands,0.73594041
2009,Sierra Leone,2.453899847
2009,El Salvador,17.60162
2009,Somalia,1.247
2009,Serbia,45.16289438
2009,Sao Tome and Principe,0.187820465
2009,Suriname,3.875409836
2009,Slovak Republic,89.04628925
2009,Slovenia,50.3680564
2009,Sweden,436.5370143
2009,Eswatini,3.580417067
2009,Seychelles,0.84739785
2009,Syria,224.5616927
2009,Chad,9.290728773
2009,Togo,3.379258565
2009,Thailand,281.7104166
2009,Tajikistan,4.97948198
2009,Turkmenistan,20.21438596
2009,Timor-Leste,0.7268824
2009,Tonga,0.312377379
2009,Trinidad and Tobago,19.17216523
2009,Tunisia,43.45493594
2009,Turkey,649.2725688
2009,Tuvalu,0.027101076
2009,Tanzania,29.08142528
2009,Uganda,25.12780557
2009,Ukraine,121.5527775
2009,Uruguay,31.66091128
2009,United States,14448.93303
2009,Uzbekistan,33.68922367
2009,St. Vincent and the Grenadines,0.674922222
2009,Venezuela,268.624
2009,Vietnam,106.0146598
2009,Vanuatu,0.592622502
2009,World,60730.36172
2009,Samoa,0.58470602
2009,Yemen,25.13027412
2009,South Africa,329.7530489
2009,Zambia,15.3283423
2009,Zimbabwe,9.6657933
2008,Afghanistan,10.10930518
2008,Angola,88.53861121
2008,Albania,12.88135351
2008,Andorra,4.085630584
2008,United Arab Emirates,315.4746157
2008,Argentina,361.5580371
2008,Armenia,11.66204071
2008,Antigua and Barbuda,1.37007037
2008,Australia,1055.127126
2008,Austria,430.2942874
2008,Azerbaijan,48.85248296
2008,Burundi,1.611835902
2008,Belgium,515.2235242
2008,Benin,9.787735426
2008,Burkina Faso,9.451436359
2008,Bangladesh,91.63127824
2008,Bulgaria,54.43896642
2008,Bahrain,25.71090426
2008,Bahamas,10.526
2008,Bosnia and Herzegovina,19.1127394
2008,Belarus,60.76348315
2008,Belize,1.35133865
2008,Bolivia,16.67432463
2008,Brazil,1695.855392
2008,Barbados,4.785
2008,Brunei,14.39309907
2008,Bhutan,1.227808791
2008,Botswana,10.94507044
2008,Central African Republic,1.985240986
2008,Canada,1552.989691
2008,Switzerland,570.3041972
2008,Chile,179.6384963
2008,China,4594.307033
2008,Cameroon,27.71514458
2008,"Congo, Dem. Rep.",19.78851587
2008,"Congo, Rep.",11.60289304
2008,Colombia,242.1869509
2008,Comoros,0.915659193
2008,Costa Rica,30.80174488
2008,Cuba,60.8063
2008,Cyprus,27.84469899
2008,Czech Republic,236.8164858
2008,Germany,3730.027831
2008,Djibouti,0.999105339
2008,Dominica,0.458188889
2008,Denmark,353.3610388
2008,Dominican Republic,48.12254718
2008,Algeria,171.0006999
2008,Ecuador,61.762635
2008,Egypt,162.8181818
2008,Eritrea,1.3801888
2008,Spain,1625.224843
2008,Estonia,24.34167863
2008,Ethiopia,27.06691264
2008,European Union,16240.62004
2008,Finland,284.5539769
2008,Fiji,3.52318592
2008,France,2918.382891
2008,Micronesia,0.2631451
2008,Gabon,15.57134978
2008,United Kingdom,2938.882353
2008,Georgia,12.79507647
2008,Ghana,28.67870189
2008,Guinea,6.964179194
2008,Gambia,1.561763437
2008,Guinea-Bissau,0.868154709
2008,Equatorial Guinea,19.74989354
2008,Greece,354.4608027
2008,Grenada,0.825976037
2008,Guatemala,38.50386283
2008,Guyana,3.025187924
2008,Honduras,13.78944362
2008,Croatia,70.75064625
2008,Haiti,10.48522535
2008,Hungary,158.3744196
2008,Indonesia,510.228635
2008,India,1198.895582
2008,Ireland,274.3269123
2008,Iran,412.3361724
2008,Iraq,131.6144337
2008,Iceland,18.07462299
2008,Israel,216.7115496
2008,Italy,2398.856599
2008,Jamaica,13.70940209
2008,Jordan,22.65766239
2008,Japan,5106.679115
2008,Kazakhstan,133.4416122
2008,Kenya,35.89515333
2008,Kyrgyz Republic,5.139957785
2008,Cambodia,10.35191409
2008,Kiribati,0.14104261
2008,St. Kitts and Nevis,0.751233333
2008,Kuwait,147.3950893
2008,Lao PDR,5.446434032
2008,Lebanon,29.11891611
2008,Liberia,1.726
2008,Libya,87.14040536
2008,St. Lucia,1.437731111
2008,Liechtenstein,5.081432924
2008,Sri Lanka,40.71381231
2008,Lesotho,1.766825413
2008,Lithuania,47.79755159
2008,Luxembourg,58.60489087
2008,Latvia,35.85427423
2008,Morocco,92.50725778
2008,Moldova,6.054849885
2008,Madagascar,10.72513793
2008,Maldives,2.271646188
2008,Mexico,1109.989064
2008,Marshall Islands,0.1518989
2008,Mali,9.838404005
2008,Malta,9.090406767
2008,Myanmar,23.01301583
2008,Montenegro,4.545674528
2008,Mongolia,5.623216449
2008,Mozambique,12.55619519
2008,Mauritania,5.206444407
2008,Mauritius,9.990370016
2008,Malawi,5.321012192
2008,Malaysia,230.8138977
2008,Namibia,8.607475308
2008,Niger,7.297600897
2008,Nigeria,339.4762157
2008,Nicaragua,8.496946608
2008,Netherlands,947.9976564
2008,Norway,462.25
2008,Nepal,12.54543861
2008,Nauru,0.037
2008,New Zealand,133.1313699
2008,Oman,60.90545254
2008,Pakistan,170.0778141
2008,Panama,25.15588862
2008,Peru,120.5505998
2008,Philippines,181.6245772
2008,Palau,0.1982839
2008,Papua New Guinea,11.67084093
2008,Poland,533.6090819
2008,Portugal,262.3447796
2008,Paraguay,24.61653762
2008,Qatar,115.2700549
2008,Romania,214.313629
2008,Russia,1660.846388
2008,Rwanda,5.177015141
2008,Saudi Arabia,519.7967386
2008,Sudan,64.8319356
2008,Senegal,16.85399118
2008,Singapore,193.6119867
2008,Solomon Islands,0.699157191
2008,Sierra Leone,2.505458705
2008,El Salvador,17.98689
2008,Somalia,2.6
2008,Serbia,52.19422147
2008,Sao Tome and Principe,0.188021191
2008,Suriname,3.532969035
2008,Slovak Republic,100.4695093
2008,Slovenia,55.55250915
2008,Sweden,517.7061492
2008,Eswatini,3.294093485
2008,Seychelles,0.967199594
2008,Syria,218.0899777
2008,Chad,10.39383472
2008,Togo,3.32367713
2008,Thailand,291.3829912
2008,Tajikistan,5.161337336
2008,Turkmenistan,19.27152318
2008,Timor-Leste,0.6484927
2008,Tonga,0.344428609
2008,Trinidad and Tobago,27.87158735
2008,Tunisia,44.86096908
2008,Turkey,770.4621562
2008,Tuvalu,0.03029022
2008,Tanzania,27.94117743
2008,Uganda,14.44040402
2008,Ukraine,188.1111406
2008,Uruguay,30.36621312
2008,United States,14712.84408
2008,Uzbekistan,29.54943888
2008,St. Vincent and the Grenadines,0.69542963
2008,Venezuela,306.764
2008,Vietnam,99.1303041
2008,Vanuatu,0.590748237
2008,World,64014.45563
2008,Samoa,0.619260722
2008,Yemen,26.91085136
2008,South Africa,316.1321388
2008,Zambia,17.91085864
2008,Zimbabwe,4.4157028
2007,Afghanistan,9.747879532
2007,Angola,65.26645208
2007,Albania,10.67732414
2007,Andorra,3.952600602
2007,United Arab Emirates,257.9161334
2007,Argentina,287.5305084
2007,Armenia,9.2063017
2007,Antigua and Barbuda,1.312759259
2007,Australia,853.9554055
2007,Austria,388.6914454
2007,Azerbaijan,33.05034378
2007,Burundi,1.356199365
2007,Belgium,470.324254
2007,Benin,8.16904869
2007,Burkina Faso,7.625723124
2007,Bangladesh,79.61188821
2007,Bulgaria,44.40510147
2007,Bahrain,21.73
2007,Bahamas,10.61834
2007,Bosnia and Herzegovina,15.77876741
2007,Belarus,45.27739981
2007,Belize,1.27159805
2007,Bolivia,13.12018316
2007,Brazil,1397.114247
2007,Barbados,4.674
2007,Brunei,12.24769425
2007,Bhutan,1.168308517
2007,Botswana,10.93905337
2007,Central African Republic,1.697565949
2007,Canada,1468.820408
2007,Switzerland,493.5373767
2007,Chile,173.6059682
2007,China,3550.342737
2007,Cameroon,23.92825133
2007,"Congo, Dem. Rep.",16.73707182
2007,"Congo, Rep.",8.771102025
2007,Colombia,206.1818268
2007,Comoros,0.795673128
2007,Costa Rica,26.88470035
2007,Cuba,58.6039
2007,Cyprus,23.96876403
2007,Czech Republic,190.1838009
2007,Germany,3421.229127
2007,Djibouti,0.847918929
2007,Dominica,0.421374074
2007,Denmark,319.4234245
2007,Dominican Republic,43.96542007
2007,Algeria,134.9770826
2007,Ecuador,51.007777
2007,Egypt,130.4378284
2007,Eritrea,1.317974491
2007,Spain,1472.131125
2007,Estonia,22.44912948
2007,Ethiopia,19.70761677
2007,European Union,14712.56776
2007,Finland,256.0525595
2007,Fiji,3.3783146
2007,France,2657.213249
2007,Micronesia,0.2567872
2007,Gabon,12.45541006
2007,United Kingdom,3106.182473
2007,Georgia,10.17288237
2007,Ghana,24.82784495
2007,Guinea,6.281917656
2007,Gambia,1.279704745
2007,Guinea-Bissau,0.696910811
2007,Equatorial Guinea,13.07171876
2007,Greece,318.4979373
2007,Grenada,0.758683593
2007,Guatemala,33.56786832
2007,Guyana,2.73097115
2007,Honduras,12.27550012
2007,Croatia,60.5426735
2007,Haiti,9.522763154
2007,Hungary,140.2275606
2007,Indonesia,432.2167378
2007,India,1216.735442
2007,Ireland,269.7363756
2007,Iran,349.8816015
2007,Iraq,88.8370552
2007,Iceland,21.6525056
2007,Israel,179.161787
2007,Italy,2210.292636
2007,Jamaica,12.79959302
2007,Jordan,17.11058745
2007,Japan,4579.75092
2007,Kazakhstan,104.8498868
2007,Kenya,31.95819518
2007,Kyrgyz Republic,3.802566171
2007,Cambodia,8.639235842
2007,Kiribati,0.132671743
2007,St. Kitts and Nevis,0.689285185
2007,Kuwait,114.6396904
2007,Lao PDR,4.223152219
2007,Lebanon,24.82735501
2007,Liberia,1.373
2007,Libya,67.51623634
2007,St. Lucia,1.336088815
2007,Liechtenstein,4.601299567
2007,Sri Lanka,32.35024841
2007,Lesotho,1.682016947
2007,Lithuania,39.69789135
2007,Luxembourg,51.52190391
2007,Latvia,31.05435098
2007,Morocco,79.04129487
2007,Moldova,4.401189466
2007,Madagascar,8.524620739
2007,Maldives,1.868383461
2007,Mexico,1052.696282
2007,Marshall Islands,0.1483467
2007,Mali,8.156532186
2007,Malta,7.925371475
2007,Myanmar,15.59118254
2007,Montenegro,3.680711744
2007,Mongolia,4.234999823
2007,Mozambique,10.45084329
2007,Mauritania,4.346206809
2007,Mauritius,8.150138757
2007,Malawi,4.432937046
2007,Malaysia,193.5478241
2007,Namibia,8.839526452
2007,Niger,5.731485267
2007,Nigeria,275.625685
2007,Nicaragua,7.423421958
2007,Netherlands,847.481522
2007,Norway,400.9371002
2007,Nepal,10.32561802
2007,Nauru,0.023
2007,New Zealand,137.1889469
2007,Oman,42.08537945
2007,Pakistan,152.3857163
2007,Panama,21.29598423
2007,Peru,102.1709811
2007,Philippines,155.9803783
2007,Palau,0.1988977
2007,Papua New Guinea,9.545177014
2007,Poland,429.0285054
2007,Portugal,240.1908034
2007,Paraguay,17.85627047
2007,Qatar,79.71208791
2007,Romania,174.5852028
2007,Russia,1299.705765
2007,Rwanda,4.068065929
2007,Saudi Arabia,415.9645831
2007,Sudan,59.44013977
2007,Senegal,13.99421894
2007,Singapore,180.9419415
2007,Solomon Islands,0.620230005
2007,Sierra Leone,2.158496873
2007,El Salvador,17.01175
2007,Somalia,2.483
2007,Serbia,43.17099062
2007,Sao Tome and Principe,0.149146423
2007,Suriname,2.936612022
2007,Slovak Republic,86.45408158
2007,Slovenia,48.00637284
2007,Sweden,491.2525892
2007,Eswatini,3.469363996
2007,Seychelles,1.033561654
2007,Syria,180.0301114
2007,Chad,8.650138069
2007,Togo,2.662612348
2007,Thailand,262.9424767
2007,Tajikistan,3.719506173
2007,Turkmenistan,12.6641651
2007,Timor-Leste,0.5427954
2007,Tonga,0.298513956
2007,Trinidad and Tobago,21.64162005
2007,Tunisia,38.91407835
2007,Turkey,681.337335
2007,Tuvalu,0.027030374
2007,Tanzania,21.84352902
2007,Uganda,11.9025644
2007,Ukraine,148.7338614
2007,Uruguay,23.41057263
2007,United States,14451.85866
2007,Uzbekistan,22.31139393
2007,St. Vincent and the Grenadines,0.684444444
2007,Venezuela,232.857
2007,Vietnam,77.41442553
2007,Vanuatu,0.516392923
2007,World,58321.35152
2007,Samoa,0.570469197
2007,Yemen,21.65053226
2007,South Africa,333.0754626
2007,Zambia,14.05695798
2007,Zimbabwe,5.2919501
2006,Afghanistan,6.971285595
2006,Angola,52.38100689
2006,Albania,8.896072919
2006,Andorra,3.456442103
2006,United Arab Emirates,222.1165419
2006,Argentina,232.5572608
2006,Armenia,6.384451606
2006,Antigua and Barbuda,1.157662963
2006,Australia,747.5561545
2006,Austria,335.9985573
2006,Azerbaijan,20.98298634
2006,Burundi,1.27337502
2006,Belgium,407.918078
2006,Benin,7.034111651
2006,Burkina Faso,6.547420134
2006,Bangladesh,71.81908368
2006,Bulgaria,34.37980889
2006,Bahrain,18.50476064
2006,Bahamas,10.16725
2006,Bosnia and Herzegovina,12.86461086
2006,Belarus,36.95431235
2006,Belize,1.21060375
2006,Bolivia,11.45186916
2006,Brazil,1107.626711
2006,Barbados,4.2175
2006,Brunei,11.470703
2006,Bhutan,0.874989896
2006,Botswana,10.1378833
2006,Central African Republic,1.460561215
2006,Canada,1319.26481
2006,Switzerland,443.8019054
2006,Chile,154.7880248
2006,China,2752.131773
2006,Cameroon,20.91051397
2006,"Congo, Dem. Rep.",14.45190247
2006,"Congo, Rep.",8.065134528
2006,Colombia,161.6185813
2006,Comoros,0.698431828
2006,Costa Rica,22.71554032
2006,Cuba,52.7428
2006,Cyprus,20.07278635
2006,Czech Republic,156.2640957
2006,Germany,2992.196713
2006,Djibouti,0.768873684
2006,Dominica,0.390251852
2006,Denmark,282.8849477
2006,Dominican Republic,37.8798699
2006,Algeria,117.0273075
2006,Ecuador,46.802044
2006,Egypt,107.426087
2006,Eritrea,1.21116188
2006,Spain,1259.343872
2006,Estonia,17.02287041
2006,Ethiopia,15.28086183
2006,European Union,12704.67501
2006,Finland,216.9075398
2006,Fiji,3.076305453
2006,France,2318.593652
2006,Micronesia,0.2535419
2006,Gabon,10.3275988
2006,United Kingdom,2717.059798
2006,Georgia,7.745394293
2006,Ghana,20.44089302
2006,Guinea,4.220019243
2006,Gambia,1.054113427
2006,Guinea-Bissau,0.592365688
2006,Equatorial Guinea,10.0865287
2006,Greece,273.3177368
2006,Grenada,0.698700667
2006,Guatemala,29.74436811
2006,Guyana,2.379818383
2006,Honduras,10.84172492
2006,Croatia,50.86078825
2006,Haiti,7.518107787
2006,Hungary,115.7512667
2006,Indonesia,364.5705143
2006,India,940.2598888
2006,Ireland,231.9862539
2006,Iran,266.2989117
2006,Iraq,65.1401472
2006,Iceland,17.46531855
2006,Israel,154.1454953
2006,Italy,1947.919709
2006,Jamaica,11.93017147
2006,Jordan,15.05692976
2006,Japan,4601.663123
2006,Kazakhstan,81.00388455
2006,Kenya,25.82552482
2006,Kyrgyz Republic,2.834168889
2006,Cambodia,7.274595707
2006,Kiribati,0.11023494
2006,St. Kitts and Nevis,0.644411111
2006,Kuwait,101.5489318
2006,Lao PDR,3.455031448
2006,Lebanon,22.02270985
2006,Liberia,1.119
2006,Libya,54.96193666
2006,St. Lucia,1.268319185
2006,Liechtenstein,4.000239273
2006,Sri Lanka,28.27981492
2006,Lesotho,1.80010559
2006,Lithuania,30.1835751
2006,Luxembourg,42.87422532
2006,Latvia,21.5700765
2006,Morocco,68.64082548
2006,Moldova,3.408244549
2006,Madagascar,6.395712392
2006,Maldives,1.575200391
2006,Mexico,975.3871317
2006,Marshall Islands,0.1415158
2006,Mali,6.905876385
2006,Malta,6.77832405
2006,Myanmar,11.86301632
2006,Montenegro,2.721903149
2006,Mongolia,3.414055566
2006,Mozambique,9.17688907
2006,Mauritania,3.919577286
2006,Mauritius,7.028803366
2006,Malawi,3.998020177
2006,Malaysia,162.6912382
2006,Namibia,8.001779551
2006,Niger,4.75636148
2006,Nigeria,236.1039824
2006,Nicaragua,6.763418646
2006,Netherlands,733.3408606
2006,Norway,345.58137
2006,Nepal,9.043715356
2006,Nauru,0.029
2006,New Zealand,111.5388107
2006,Oman,37.21577971
2006,Pakistan,137.2640611
2006,Panama,18.1416663
2006,Peru,88.64319306
2006,Philippines,127.6528592
2006,Palau,0.1923824
2006,Papua New Guinea,8.355006707
2006,Poland,344.6220031
2006,Portugal,208.5816949
2006,Paraguay,13.42943005
2006,Qatar,60.88214286
2006,Romania,122.0229975
2006,Russia,989.9305423
2006,Rwanda,3.317951468
2006,Saudi Arabia,376.9001357
2006,Sudan,45.2645195
2006,Senegal,11.6979188
2006,Singapore,148.6303732
2006,Solomon Islands,0.538668769
2006,Sierra Leone,1.885112202
2006,El Salvador,15.99989
2006,Somalia,2.39
2006,Serbia,32.48207036
2006,Sao Tome and Principe,0.142775597
2006,Suriname,2.626380435
2006,Slovak Republic,70.70809811
2006,Slovenia,39.48104504
2006,Sweden,423.0934374
2006,Eswatini,3.291353836
2006,Seychelles,1.016418229
2006,Syria,153.7999109
2006,Chad,7.428701809
2006,Togo,2.351584608
2006,Thailand,221.7581965
2006,Tajikistan,2.830220713
2006,Turkmenistan,10.27667436
2006,Timor-Leste,0.4538051
2006,Tonga,0.292232117
2006,Trinidad and Tobago,18.36936109
2006,Tunisia,34.37731029
2006,Turkey,557.0578291
2006,Tuvalu,0.022902861
2006,Tanzania,18.64959025
2006,Uganda,9.977647645
2006,Ukraine,111.8847525
2006,Uruguay,19.57945797
2006,United States,13814.61141
2006,Uzbekistan,17.33083385
2006,St. Vincent and the Grenadines,0.61092963
2006,Venezuela,178.521
2006,Vietnam,66.37166482
2006,Vanuatu,0.439376794
2006,World,51769.42409
2006,Samoa,0.50583244
2006,Yemen,19.06197859
2006,South Africa,303.8608741
2006,Zambia,12.7568589
2006,Zimbabwe,5.4438965
2005,Afghanistan,6.209137625
2005,Angola,36.9709187
2005,Albania,8.052073539
2005,Andorra,3.159905484
2005,United Arab Emirates,180.617468
2005,Argentina,198.737095
2005,Armenia,4.90046995
2005,Antigua and Barbuda,1.022962963
2005,Australia,695.0751767
2005,Austria,315.9744186
2005,Azerbaijan,13.2457161
2005,Burundi,1.117113046
2005,Belgium,385.5709489
2005,Benin,6.567654494
2005,Burkina Faso,6.146352742
2005,Bangladesh,69.44294309
2005,Bulgaria,29.8692834
2005,Bahrain,15.9687234
2005,Bahamas,9.8362
2005,Bosnia and Herzegovina,11.22295334
2005,Belarus,30.20756732
2005,Belize,1.1025649
2005,Bolivia,9.549077869
2005,Brazil,891.6338266
2005,Barbados,3.8195
2005,Brunei,9.531402848
2005,Bhutan,0.79693812
2005,Botswana,9.918907108
2005,Central African Republic,1.337362392
2005,Canada,1173.108599
2005,Switzerland,420.5449478
2005,Chile,122.964812
2005,China,2285.965892
2005,Cameroon,19.50985084
2005,"Congo, Dem. Rep.",11.96448467
2005,"Congo, Rep.",6.647357442
2005,Colombia,145.6191916
2005,Comoros,0.653845123
2005,Costa Rica,20.04064248
2005,Cuba,42.6438361
2005,Cyprus,18.43341127
2005,Czech Republic,137.1434713
2005,Germany,2845.802761
2005,Djibouti,0.708633195
2005,Dominica,0.364255556
2005,Denmark,264.4673365
2005,Dominican Republic,35.77757014
2005,Algeria,103.1982237
2005,Ecuador,41.507085
2005,Egypt,89.60066556
2005,Eritrea,1.098425901
2005,Spain,1153.285661
2005,Estonia,14.1067902
2005,Ethiopia,12.40113945
2005,European Union,11906.967
2005,Finland,204.8091033
2005,Fiji,2.98048492
2005,France,2196.126104
2005,Micronesia,0.2502819
2005,Gabon,9.582783318
2005,United Kingdom,2544.829091
2005,Georgia,6.410823633
2005,Ghana,10.74467521
2005,Guinea,2.937071767
2005,Gambia,1.027702254
2005,Guinea-Bissau,0.587029054
2005,Equatorial Guinea,8.217369093
2005,Greece,247.7830021
2005,Grenada,0.695555556
2005,Guatemala,26.78354367
2005,Guyana,0.82488055
2005,Honduras,9.67202305
2005,Croatia,45.78023726
2005,Haiti,7.184064657
2005,Hungary,113.2367116
2005,Indonesia,285.8686182
2005,India,820.3815955
2005,Ireland,211.7979915
2005,Iran,226.4521383
2005,Iraq,49.95489035
2005,Iceland,16.85296307
2005,Israel,142.6570691
2005,Italy,1857.524313
2005,Jamaica,11.24386849
2005,Jordan,12.5886653
2005,Japan,4831.467035
2005,Kazakhstan,57.12367173
2005,Kenya,18.73789774
2005,Kyrgyz Republic,2.460248026
2005,Cambodia,6.293046162
2005,Kiribati,0.112133944
2005,St. Kitts and Nevis,0.547203704
2005,Kuwait,80.79863014
2005,Lao PDR,2.735558726
2005,Lebanon,21.4973365
2005,Liberia,0.949
2005,Libya,47.33414858
2005,St. Lucia,1.135555556
2005,Liechtenstein,3.659251526
2005,Sri Lanka,24.40579104
2005,Lesotho,1.682350935
2005,Lithuania,26.09767757
2005,Luxembourg,37.65823405
2005,Latvia,17.00345986
2005,Morocco,62.34302265
2005,Moldova,2.988348836
2005,Madagascar,5.859269849
2005,Maldives,1.163362438
2005,Mexico,877.4762214
2005,Marshall Islands,0.1365595
2005,Mali,6.247496491
2005,Malta,6.416184181
2005,Myanmar,10.58843307
2005,Montenegro,2.257174481
2005,Mongolia,2.523471532
2005,Mozambique,8.54207011
2005,Mauritania,2.936019526
2005,Mauritius,6.488750453
2005,Malawi,3.655909664
2005,Malaysia,143.5341026
2005,Namibia,7.24839416
2005,Niger,4.383315657
2005,Nigeria,176.1340872
2005,Nicaragua,6.321335612
2005,Netherlands,685.0926502
2005,Norway,308.8842841
2005,Nepal,8.130258041
2005,Nauru,0.031
2005,New Zealand,114.7201296
2005,Oman,31.08199168
2005,Pakistan,120.055292
2005,Panama,16.3743939
2005,Peru,76.06060606
2005,Philippines,107.4199617
2005,Palau,0.1904529
2005,Papua New Guinea,4.865892972
2005,Poland,306.1443363
2005,Portugal,197.1803308
2005,Paraguay,10.73750019
2005,Qatar,44.53049451
2005,Romania,98.45279198
2005,Russia,764.017108
2005,Rwanda,2.932213575
2005,Saudi Arabia,328.4597001
2005,Sudan,35.18210541
2005,Senegal,11.00903267
2005,Singapore,127.8076184
2005,Solomon Islands,0.476898764
2005,Sierra Leone,1.650494367
2005,El Salvador,14.698
2005,Somalia,2.316
2005,Serbia,27.68322596
2005,Sao Tome and Principe,0.136450275
2005,Suriname,1.793388732
2005,Slovak Republic,62.78530531
2005,Slovenia,36.20639597
2005,Sweden,392.2180889
2005,Eswatini,3.178126492
2005,Seychelles,0.919103255
2005,Syria,134.2038307
2005,Chad,6.649307057
2005,Togo,2.281482855
2005,Thailand,189.3185497
2005,Tajikistan,2.312327536
2005,Turkmenistan,8.103901996
2005,Timor-Leste,0.4622836
2005,Tonga,0.261797606
2005,Trinidad and Tobago,15.98228246
2005,Tunisia,32.27300755
2005,Turkey,506.3083115
2005,Tuvalu,0.021839099
2005,Tanzania,18.39904603
2005,Uganda,9.239221859
2005,Ukraine,89.23937011
2005,Uruguay,17.36285768
2005,United States,13036.64023
2005,Uzbekistan,14.30750984
2005,St. Vincent and the Grenadines,0.55072963
2005,Venezuela,145.5100081
2005,Vietnam,57.63325562
2005,Vanuatu,0.394962552
2005,World,47773.98189
2005,Samoa,0.465568018
2005,Yemen,16.74634477
2005,South Africa,288.8684891
2005,Zambia,8.331870169
2005,Zimbabwe,5.7552152
2004,Afghanistan,5.226778809
2004,Angola,23.55205241
2004,Albania,7.184685782
2004,Andorra,2.894921778
2004,United Arab Emirates,147.8243703
2004,Argentina,164.6579305
2004,Armenia,3.57661524
2004,Antigua and Barbuda,0.91972963
2004,Australia,614.166311
2004,Austria,300.9042215
2004,Azerbaijan,8.680370408
2004,Burundi,0.915257323
2004,Belgium,368.5370002
2004,Benin,6.190270756
2004,Burkina Faso,5.451688868
2004,Bangladesh,65.10854425
2004,Bulgaria,26.15789474
2004,Bahrain,13.15015957
2004,Bahamas,9.05529
2004,Bosnia and Herzegovina,10.15755397
2004,Belarus,23.14435185
2004,Belize,1.0513866
2004,Bolivia,8.773451739
2004,Brazil,669.2893219
2004,Barbados,3.4445
2004,Brunei,7.872333215
2004,Bhutan,0.682523857
2004,Botswana,8.957467707
2004,Central African Republic,1.270080251
2004,Canada,1026.690238
2004,Switzerland,405.5313213
2004,Chile,99.21039286
2004,China,1955.347005
2004,Cameroon,18.82621528
2004,"Congo, Dem. Rep.",10.29748348
2004,"Congo, Rep.",4.656975223
2004,Colombia,117.0815223
2004,Comoros,0.633706149
2004,Costa Rica,18.61059485
2004,Cuba,38.203
2004,Cyprus,17.3205525
2004,Czech Republic,119.8144344
2004,Germany,2809.187981
2004,Djibouti,0.666072102
2004,Dominica,0.3672
2004,Denmark,251.373003
2004,Dominican Republic,22.32239537
2004,Algeria,85.33258119
2004,Ecuador,36.591661
2004,Egypt,78.78246753
2004,Eritrea,1.109054005
2004,Spain,1067.09337
2004,Estonia,12.1459118
2004,Ethiopia,10.13118726
2004,European Union,11400.57283
2004,Finland,197.1169605
2004,Fiji,2.708078477
2004,France,2115.742488
2004,Micronesia,0.240236
2004,Gabon,7.77021948
2004,United Kingdom,2421.814354
2004,Georgia,5.125365192
2004,Ghana,8.881368538
2004,Guinea,3.635458133
2004,Gambia,0.961900107
2004,Guinea-Bissau,0.532062927
2004,Equatorial Guinea,4.410764339
2004,Greece,240.5212615
2004,Grenada,0.599118593
2004,Guatemala,23.57728623
2004,Guyana,0.787814379
2004,Honduras,8.772169959
2004,Croatia,41.95883354
2004,Haiti,6.036959915
2004,Hungary,104.1410426
2004,Indonesia,256.8368753
2004,India,709.1485148
2004,Ireland,194.0153352
2004,Iran,190.043434
2004,Iraq,36.62790176
2004,Iceland,13.82530254
2004,Israel,135.5713481
2004,Italy,1803.226968
2004,Jamaica,10.17466485
2004,Jordan,11.41139041
2004,Japan,4893.116006
2004,Kazakhstan,43.151647
2004,Kenya,16.09533709
2004,Kyrgyz Republic,2.211534585
2004,Cambodia,5.337833248
2004,Kiribati,0.102367039
2004,St. Kitts and Nevis,0.5069
2004,Kuwait,59.4390906
2004,Lao PDR,2.36639812
2004,Lebanon,21.15982799
2004,Liberia,0.897
2004,Libya,33.12230769
2004,St. Lucia,1.066666667
2004,Liechtenstein,3.454362686
2004,Sri Lanka,20.66252594
2004,Lesotho,1.511236656
2004,Lithuania,22.62750745
2004,Luxembourg,35.00048051
2004,Latvia,14.43570053
2004,Morocco,59.62602016
2004,Moldova,2.598249556
2004,Madagascar,5.064732716
2004,Maldives,1.226829563
2004,Mexico,782.240602
2004,Marshall Islands,0.1324402
2004,Mali,5.454228771
2004,Malta,6.098092551
2004,Myanmar,9.390855298
2004,Montenegro,2.073234418
2004,Mongolia,1.992066808
2004,Mozambique,7.631120533
2004,Mauritania,2.362501023
2004,Mauritius,6.578844486
2004,Malawi,3.476094499
2004,Malaysia,124.7494737
2004,Namibia,6.609198833
2004,Niger,3.760443966
2004,Nigeria,136.3859793
2004,Nicaragua,5.795568205
2004,Netherlands,657.1715918
2004,Norway,264.5116307
2004,Nepal,7.273938315
2004,Nauru,0.032
2004,New Zealand,103.9052101
2004,Oman,24.76371287
2004,Pakistan,107.7596839
2004,Panama,15.0133817
2004,Peru,66.7687035
2004,Philippines,95.0020285
2004,Palau,0.1651862
2004,Papua New Guinea,3.927157867
2004,Poland,255.1101815
2004,Portugal,189.0345021
2004,Paraguay,9.624440836
2004,Qatar,31.73406593
2004,Romania,74.97266906
2004,Russia,591.0166907
2004,Rwanda,2.375281627
2004,Saudi Arabia,258.742263
2004,Sudan,26.64549068
2004,Senegal,10.07681728
2004,Singapore,115.0354988
2004,Solomon Islands,0.397611127
2004,Sierra Leone,1.448536631
2004,El Salvador,13.7248109
2004,Somalia,1.984
2004,Serbia,26.14196816
2004,Sao Tome and Principe,0.114582562
2004,Suriname,1.484092538
2004,Slovak Republic,57.33201515
2004,Slovenia,34.4147845
2004,Sweden,385.1180449
2004,Eswatini,2.770082792
2004,Seychelles,0.839319927
2004,Syria,112.8633408
2004,Chad,4.422855929
2004,Togo,2.259992642
2004,Thailand,172.8957496
2004,Tajikistan,2.076182461
2004,Turkmenistan,6.838351088
2004,Timor-Leste,0.4407646
2004,Tonga,0.230657965
2004,Trinidad and Tobago,13.28027512
2004,Tunisia,31.18305901
2004,Turkey,408.8760427
2004,Tuvalu,0.021534932
2004,Tanzania,16.67594841
2004,Uganda,7.939487474
2004,Ukraine,67.22015416
2004,Uruguay,13.68632989
2004,United States,12213.72915
2004,Uzbekistan,12.03002355
2004,St. Vincent and the Grenadines,0.521974074
2004,Venezuela,112.4533823
2004,Vietnam,45.42785469
2004,Vanuatu,0.364996869
2004,World,44095.86427
2004,Samoa,0.420320176
2004,Yemen,13.87279166
2004,South Africa,255.8066314
2004,Zambia,6.221077675
2004,Zimbabwe,5.8055984
2003,Afghanistan,4.515558808
2003,Angola,17.81270529
2003,Albania,5.611496257
2003,Andorra,2.361726862
2003,United Arab Emirates,124.3463581
2003,Argentina,127.5869735
2003,Armenia,2.807061009
2003,Antigua and Barbuda,0.856396296
2003,Australia,467.3907979
2003,Austria,261.6957788
2003,Azerbaijan,7.276753895
2003,Burundi,0.784654424
2003,Belgium,317.3817156
2003,Benin,5.349258334
2003,Burkina Faso,4.740768355
2003,Bangladesh,60.15892919
2003,Bulgaria,21.14498355
2003,Bahrain,11.07481383
2003,Bahamas,8.87009
2003,Bosnia and Herzegovina,8.498560902
2003,Belarus,17.82779132
2003,Belize,0.9835756
2003,Bolivia,8.082364868
2003,Brazil,558.2337242
2003,Barbados,3.2095
2003,Brunei,6.557333085
2003,Bhutan,0.604041958
2003,Botswana,7.511582173
2003,Central African Republic,1.139754799
2003,Canada,895.5406466
2003,Switzerland,363.063294
2003,Chile,75.64345984
2003,China,1660.287966
2003,Cameroon,15.97031575
2003,"Congo, Dem. Rep.",8.93756706
2003,"Congo, Rep.",3.503723245
2003,Colombia,94.64137869
2003,Comoros,0.546885185
2003,Costa Rica,17.27176051
2003,Cuba,35.9012
2003,Cyprus,14.54732503
2003,Czech Republic,100.0904676
2003,Germany,2496.128668
2003,Djibouti,0.622044666
2003,Dominica,0.343311111
2003,Denmark,218.0960335
2003,Dominican Republic,21.40316785
2003,Algeria,67.86382841
2003,Ecuador,32.432858
2003,Egypt,80.28846154
2003,Eritrea,0.870247703
2003,Spain,905.4920993
2003,Estonia,9.874013098
2003,Ethiopia,8.6236913
2003,European Union,9912.552738
2003,Finland,171.2742664
2003,Fiji,2.300453634
2003,France,1840.480813
2003,Micronesia,0.2454329
2003,Gabon,6.511903657
2003,United Kingdom,2057.093878
2003,Georgia,3.991284895
2003,Ghana,7.632406553
2003,Guinea,3.446441698
2003,Gambia,0.487038822
2003,Guinea-Bissau,0.477458599
2003,Equatorial Guinea,2.484745935
2003,Greece,201.9242698
2003,Grenada,0.591018407
2003,Guatemala,21.5763518
2003,Guyana,0.743064077
2003,Honduras,8.140278401
2003,Croatia,34.98574988
2003,Haiti,4.826827577
2003,Hungary,85.30200391
2003,Indonesia,234.7724638
2003,India,607.6992854
2003,Ireland,164.3079616
2003,Iran,153.5447514
2003,Iraq,21.92156948
2003,Iceland,11.42933304
2003,Israel,127.0466338
2003,Italy,1574.145824
2003,Jamaica,9.430230564
2003,Jordan,10.19566079
2003,Japan,4519.561645
2003,Kazakhstan,30.8336997
2003,Kenya,14.90451765
2003,Kyrgyz Republic,1.91900809
2003,Cambodia,4.658246918
2003,Kiribati,0.090231857
2003,St. Kitts and Nevis,0.46986987
2003,Kuwait,47.87651007
2003,Lao PDR,2.023324407
2003,Lebanon,20.08291874
2003,Liberia,0.748
2003,Libya,26.265625
2003,St. Lucia,0.987407407
2003,Liechtenstein,3.07069132
2003,Sri Lanka,18.88176544
2003,Lesotho,1.157832935
2003,Lithuania,18.78172138
2003,Luxembourg,29.60190406
2003,Latvia,11.77197516
2003,Morocco,52.06405883
2003,Moldova,1.980907435
2003,Madagascar,6.37249872
2003,Maldives,1.052121055
2003,Mexico,729.3363197
2003,Marshall Islands,0.1313985
2003,Mali,4.714051055
2003,Malta,5.4484155
2003,Myanmar,7.754647428
2003,Montenegro,1.707710053
2003,Mongolia,1.595297356
2003,Mozambique,6.303391144
2003,Mauritania,2.051147607
2003,Mauritius,5.816553827
2003,Malawi,3.208837077
2003,Malaysia,110.2023684
2003,Namibia,4.926471294
2003,Niger,3.394084885
2003,Nigeria,104.9119478
2003,Nicaragua,5.322454926
2003,Netherlands,578.7923251
2003,Norway,228.8585068
2003,Nepal,6.330473097
2003,Nauru,0.024
2003,New Zealand,88.25088555
2003,Oman,21.63370819
2003,Pakistan,91.76054294
2003,Panama,13.6939812
2003,Peru,58.73103012
2003,Philippines,87.03914597
2003,Palau,0.1539632
2003,Papua New Guinea,3.536411824
2003,Poland,217.8272608
2003,Portugal,164.8621422
2003,Paraguay,7.691367471
2003,Qatar,23.53379121
2003,Romania,57.80650602
2003,Russia,430.3477707
2003,Rwanda,2.137093489
2003,Saudi Arabia,215.8076553
2003,Sudan,21.35557667
2003,Senegal,8.768721956
2003,Singapore,97.64544828
2003,Solomon Islands,0.352522682
2003,Sierra Leone,1.385810072
2003,El Salvador,13.2438922
2003,Somalia,1.517
2003,Serbia,22.48236532
2003,Sao Tome and Principe,0.102085583
2003,Suriname,1.274190311
2003,Slovak Republic,46.81658916
2003,Slovenia,29.63471364
2003,Sweden,334.3372123
2003,Eswatini,2.197612701
2003,Seychelles,0.705704816
2003,Syria,95.69380846
2003,Chad,2.742815195
2003,Togo,2.115836353
2003,Thailand,152.2806776
2003,Tajikistan,1.555301496
2003,Turkmenistan,5.977560877
2003,Timor-Leste,0.4904391
2003,Tonga,0.20224696
2003,Trinidad and Tobago,11.3054598
2003,Tunisia,27.45300737
2003,Turkey,314.5924281
2003,Tuvalu,0.018231079
2003,Tanzania,15.2242577
2003,Uganda,6.606884391
2003,Ukraine,52.01023872
2003,Uruguay,12.04563109
2003,United States,11458.24388
2003,Uzbekistan,10.13445344
2003,St. Vincent and the Grenadines,0.481807407
2003,Venezuela,83.62062858
2003,Vietnam,39.55251332
2003,Vanuatu,0.314471328
2003,World,39128.64076
2003,Samoa,0.338838639
2003,Yemen,11.77796667
2003,South Africa,197.0202415
2003,Zambia,4.901839731
2003,Zimbabwe,5.7275918
2002,Afghanistan,4.055179566
2002,Angola,15.28559483
2002,Albania,4.348068242
2002,Andorra,1.755910032
2002,United Arab Emirates,109.8162015
2002,Argentina,97.72400425
2002,Armenia,2.376335048
2002,Antigua and Barbuda,0.814381481
2002,Australia,395.3427166
2002,Austria,213.3777715
2002,Azerbaijan,6.23585682
2002,Burundi,0.82539449
2002,Belgium,257.1578204
2002,Benin,4.194342849
2002,Burkina Faso,3.622350204
2002,Bangladesh,54.72408149
2002,Bulgaria,16.40284641
2002,Bahrain,9.593510638
2002,Bahamas,8.88116
2002,Bosnia and Herzegovina,6.728771314
2002,Belarus,14.59424902
2002,Belize,0.92519795
2002,Bolivia,7.905485216
2002,Brazil,509.7952707
2002,Barbados,3.1065
2002,Brunei,5.843329108
2002,Bhutan,0.520849552
2002,Botswana,5.438857107
2002,Central African Republic,0.99138787
2002,Canada,760.6493341
2002,Switzerland,310.1757725
2002,Chile,69.73681144
2002,China,1470.550015
2002,Cameroon,12.41725182
2002,"Congo, Dem. Rep.",8.728038525
2002,"Congo, Rep.",3.034251042
2002,Colombia,97.9630038
2002,Comoros,0.425964697
2002,Costa Rica,16.57882069
2002,Cuba,33.5905
2002,Cyprus,11.42022788
2002,Czech Republic,82.19600105
2002,Germany,2068.624129
2002,Djibouti,0.59112204
2002,Dominica,0.333196296
2002,Denmark,178.6351637
2002,Dominican Republic,27.13750866
2002,Algeria,56.76035587
2002,Ecuador,28.548945
2002,Egypt,85.14606742
2002,Eritrea,0.729321367
2002,Spain,705.3943158
2002,Estonia,7.367975888
2002,Ethiopia,7.850809498
2002,European Union,8050.016391
2002,Finland,139.7383776
2002,Fiji,1.833279985
2002,France,1494.286655
2002,Micronesia,0.2425172
2002,Gabon,5.335451308
2002,United Kingdom,1784.076739
2002,Georgia,3.395728014
2002,Ghana,6.166330136
2002,Guinea,2.950198649
2002,Gambia,0.578236035
2002,Guinea-Bissau,0.417806667
2002,Equatorial Guinea,1.806742742
2002,Greece,153.8309467
2002,Grenada,0.540336926
2002,Guatemala,20.44420599
2002,Guyana,0.726131435
2002,Honduras,7.77525151
2002,Croatia,27.07455026
2002,Haiti,6.058134467
2002,Hungary,67.60891914
2002,Indonesia,195.6606112
2002,India,514.9379489
2002,Ireland,127.9859721
2002,Iran,128.6269175
2002,Iraq,32.92845467
2002,Iceland,9.318395055
2002,Israel,121.1484752
2002,Italy,1270.712309
2002,Jamaica,9.719017926
2002,Jordan,9.582453032
2002,Japan,4182.846046
2002,Kazakhstan,24.63659322
2002,Kenya,13.14774391
2002,Kyrgyz Republic,1.605643105
2002,Cambodia,4.284028483
2002,Kiribati,0.072196458
2002,St. Kitts and Nevis,0.481077374
2002,Kuwait,38.13754525
2002,Lao PDR,1.758176653
2002,Lebanon,19.15223881
2002,Liberia,0.927
2002,Libya,20.48188976
2002,St. Lucia,0.9
2002,Liechtenstein,2.688630823
2002,Sri Lanka,16.53653565
2002,Lesotho,0.775780698
2002,Lithuania,14.25978116
2002,Luxembourg,23.53763787
2002,Latvia,9.557031605
2002,Morocco,42.23683682
2002,Moldova,1.661818168
2002,Madagascar,5.351701534
2002,Maldives,0.89703125
2002,Mexico,772.1063789
2002,Marshall Islands,0.1317382
2002,Mali,3.908139487
2002,Malta,4.470446391
2002,Myanmar,6.110633154
2002,Montenegro,1.284685051
2002,Mongolia,1.39655572
2002,Mozambique,5.677003239
2002,Mauritania,1.777058593
2002,Mauritius,4.84131024
2002,Malawi,3.495748398
2002,Malaysia,100.8455263
2002,Namibia,3.34918476
2002,Niger,2.782192987
2002,Nigeria,95.38581932
2002,Nicaragua,5.224213018
2002,Netherlands,471.6139657
2002,Norway,195.5241865
2002,Nepal,6.050875807
2002,Nauru,0.019
2002,New Zealand,66.62772931
2002,Oman,20.14275605
2002,Pakistan,79.90498538
2002,Panama,12.9943104
2002,Peru,54.77755352
2002,Philippines,84.30729197
2002,Palau,0.1631849
2002,Papua New Guinea,2.99951104
2002,Poland,199.0720588
2002,Portugal,134.1560917
2002,Paraguay,7.196260657
2002,Qatar,19.36373626
2002,Romania,46.06610195
2002,Russia,345.4704944
2002,Rwanda,1.964779921
2002,Saudi Arabia,189.6059202
2002,Sudan,18.13683909
2002,Senegal,7.006402592
2002,Singapore,92.53775271
2002,Solomon Islands,0.346431958
2002,Sierra Leone,1.25334052
2002,El Salvador,12.6641903
2002,Somalia,1.219
2002,Serbia,17.12090692
2002,Sao Tome and Principe,0.085171308
2002,Suriname,1.093574468
2002,Slovak Republic,35.13034067
2002,Slovenia,23.48989027
2002,Sweden,266.8490618
2002,Eswatini,1.432228125
2002,Seychelles,0.697518248
2002,Syria,90.55848552
2002,Chad,1.997005787
2002,Togo,1.706698099
2002,Thailand,134.3008513
2002,Tajikistan,1.221120799
2002,Turkmenistan,4.461978499
2002,Timor-Leste,0.4695067
2002,Tonga,0.182763694
2002,Trinidad and Tobago,9.008273721
2002,Tunisia,23.14215376
2002,Turkey,240.2532163
2002,Tuvalu,0.015450994
2002,Tanzania,14.14203508
2002,Uganda,6.178563591
2002,Ukraine,43.95636992
2002,Uruguay,13.6064946
2002,United States,10936.41905
2002,Uzbekistan,9.687788513
2002,St. Vincent and the Grenadines,0.461885185
2002,Venezuela,92.89358773
2002,Vietnam,35.0641055
2002,Vanuatu,0.262596598
2002,World,34884.36846
2002,Samoa,0.288078881
2002,Yemen,10.69462809
2002,South Africa,129.0881322
2002,Zambia,4.193845678
2002,Zimbabwe,6.3421164
2001,Afghanistan,2.462
2001,Angola,8.936063723
2001,Albania,3.922100794
2001,Andorra,1.546926174
2001,United Arab Emirates,103.3116406
2001,Argentina,268.69675
2001,Armenia,2.118467913
2001,Antigua and Barbuda,0.800481481
2001,Australia,379.0839326
2001,Austria,197.3378792
2001,Azerbaijan,5.707720391
2001,Burundi,0.876794723
2001,Belgium,236.5412975
2001,Benin,3.6662226
2001,Burkina Faso,3.19037105
2001,Bangladesh,53.99128984
2001,Bulgaria,14.18349796
2001,Bahrain,8.976196809
2001,Bahamas,8.31783
2001,Bosnia and Herzegovina,5.800774717
2001,Belarus,12.35482014
2001,Belize,0.86835875
2001,Bolivia,8.141537938
2001,Brazil,559.9837041
2001,Barbados,3.0545
2001,Brunei,5.601090584
2001,Bhutan,0.461444514
2001,Botswana,5.4896083
2001,Central African Republic,0.931833303
2001,Canada,738.9817924
2001,Switzerland,287.2265312
2001,Chile,70.97992396
2001,China,1339.395719
2001,Cameroon,10.95348524
2001,"Congo, Dem. Rep.",7.4381891
2001,"Congo, Rep.",2.796704577
2001,Colombia,98.2117496
2001,Comoros,0.378512003
2001,Costa Rica,15.97617434
2001,Cuba,31.6824
2001,Cyprus,10.39789709
2001,Czech Republic,67.80803298
2001,Germany,1944.107383
2001,Djibouti,0.572417441
2001,Dominica,0.340203704
2001,Denmark,164.7914425
2001,Dominican Republic,25.6017654
2001,Algeria,54.74471281
2001,Ecuador,24.468324
2001,Egypt,96.68463612
2001,Eritrea,0.752368496
2001,Spain,627.2868009
2001,Estonia,6.254649539
2001,Ethiopia,8.231326016
2001,European Union,7388.169198
2001,Finland,129.4210291
2001,Fiji,1.652464201
2001,France,1376.465324
2001,Micronesia,0.2409709
2001,Gabon,5.023265365
2001,United Kingdom,1643.908162
2001,Georgia,3.219488664
2001,Ghana,5.314909954
2001,Guinea,2.829435957
2001,Gambia,0.687408805
2001,Guinea-Bissau,0.392621386
2001,Equatorial Guinea,1.461139022
2001,Greece,136.1913539
2001,Grenada,0.520444185
2001,Guatemala,18.40520385
2001,Guyana,0.712167576
2001,Honduras,7.565854724
2001,Croatia,23.27364026
2001,Haiti,6.331961555
2001,Hungary,53.74998909
2001,Indonesia,160.4469478
2001,India,485.4410145
2001,Ireland,109.2520573
2001,Iran,126.8787503
2001,Iraq,36.17643013
2001,Iceland,8.234846805
2001,Israel,130.8163212
2001,Italy,1167.012796
2001,Jamaica,9.194717836
2001,Jordan,8.975689845
2001,Japan,4374.711694
2001,Kazakhstan,22.15269416
2001,Kenya,12.98600743
2001,Kyrgyz Republic,1.52511637
2001,Cambodia,3.984000517
2001,Kiribati,0.063101272
2001,St. Kitts and Nevis,0.458643829
2001,Kuwait,34.88751223
2001,Lao PDR,1.768619058
2001,Lebanon,17.64975124
2001,Liberia,0.906
2001,Libya,34.11006445
2001,St. Lucia,0.892592593
2001,Liechtenstein,2.491822707
2001,Sri Lanka,15.7497538
2001,Lesotho,0.825706961
2001,Lithuania,12.237388
2001,Luxembourg,21.36902819
2001,Latvia,8.362398702
2001,Morocco,39.45958122
2001,Moldova,1.480673594
2001,Madagascar,5.438332738
2001,Maldives,0.870030469
2001,Mexico,756.7063006
2001,Marshall Islands,0.122824
2001,Mali,3.468327017
2001,Malta,4.088368978
2001,Myanmar,6.220271055
2001,Montenegro,1.159869246
2001,Mongolia,1.267997934
2001,Mozambique,5.398568544
2001,Mauritania,1.746064719
2001,Mauritius,4.613630623
2001,Malawi,1.716502862
2001,Malaysia,92.78394737
2001,Namibia,3.557333364
2001,Niger,2.448714681
2001,Nigeria,74.03036447
2001,Nicaragua,5.323146566
2001,Netherlands,431.2134228
2001,Norway,173.9722188
2001,Nepal,6.007055042
2001,Nauru,0.019
2001,New Zealand,53.87242592
2001,Oman,19.45200052
2001,Pakistan,79.48440398
2001,Panama,12.5020134
2001,Peru,52.03015878
2001,Philippines,78.92123446
2001,Palau,0.1569079
2001,Papua New Guinea,3.081024212
2001,Poland,190.9054935
2001,Portugal,121.4988895
2001,Paraguay,8.495806432
2001,Qatar,17.53846154
2001,Romania,40.39482468
2001,Russia,306.6020706
2001,Rwanda,1.965444515
2001,Saudi Arabia,184.1374697
2001,Sudan,15.71648937
2001,Senegal,6.507824767
2001,Singapore,89.79494335
2001,Solomon Islands,0.409435392
2001,Sierra Leone,1.090467712
2001,El Salvador,12.2825336
2001,Somalia,1.303
2001,Serbia,12.96053872
2001,Sao Tome and Principe,0.075951211
2001,Suriname,0.834279358
2001,Slovak Republic,30.75215034
2001,Slovenia,20.87630997
2001,Sweden,242.3958525
2001,Eswatini,1.542477309
2001,Seychelles,0.622262057
2001,Syria,86.77131403
2001,Chad,1.710843361
2001,Togo,1.482437752
2001,Thailand,120.2964762
2001,Tajikistan,1.080768907
2001,Turkmenistan,3.534803922
2001,Timor-Leste,0.4774435
2001,Tonga,0.181116953
2001,Trinidad and Tobago,8.824873259
2001,Tunisia,22.06603183
2001,Turkey,201.7511484
2001,Tuvalu,0.013196545
2001,Tanzania,13.58164425
2001,Uganda,5.840503869
2001,Ukraine,39.30958098
2001,Uruguay,20.89878842
2001,United States,10581.8214
2001,Uzbekistan,11.40142133
2001,St. Vincent and the Grenadines,0.430040741
2001,Venezuela,122.9039602
2001,Vietnam,32.68519874
2001,Vanuatu,0.257926882
2001,World,33609.21143
2001,Samoa,0.273088357
2001,Yemen,9.861560095
2001,South Africa,135.429607
2001,Zambia,4.094480988
2001,Zimbabwe,6.7773847
2000,Afghanistan,3.532
2000,Angola,9.129634978
2000,Albania,3.480355258
2000,Andorra,1.429049198
2000,United Arab Emirates,104.3373724
2000,Argentina,284.20375
2000,Armenia,1.911563669
2000,Antigua and Barbuda,0.82637037
2000,Australia,415.5762105
2000,Austria,196.7997789
2000,Azerbaijan,5.272798391
2000,Burundi,0.870486066
2000,Belgium,236.2045329
2000,Benin,3.519991326
2000,Burkina Faso,2.968369991
2000,Bangladesh,53.36978732
2000,Bulgaria,13.24583384
2000,Bahrain,9.062898936
2000,Bahamas,8.07647
2000,Bosnia and Herzegovina,5.567405599
2000,Belarus,12.73891213
2000,Belize,0.83207245
2000,Bolivia,8.397912509
2000,Brazil,655.4481883
2000,Barbados,3.0595
2000,Brunei,6.001153306
2000,Bhutan,0.42446409
2000,Botswana,5.788329609
2000,Central African Republic,0.914500299
2000,Canada,744.7734159
2000,Switzerland,279.8411517
2000,Chile,77.86093215
2000,China,1211.34687
2000,Cameroon,10.56657895
2000,"Congo, Dem. Rep.",19.08804631
2000,"Congo, Rep.",3.227927593
2000,Colombia,99.88657733
2000,Comoros,0.351136568
2000,Costa Rica,15.01362966
2000,Cuba,30.5654
2000,Cyprus,9.985844486
2000,Czech Republic,61.8281665
2000,Germany,1943.145384
2000,Djibouti,0.551230862
2000,Dominica,0.33347037
2000,Denmark,164.1587391
2000,Dominican Republic,24.30571754
2000,Algeria,54.79039275
2000,Ecuador,18.32776488
2000,Egypt,99.83854396
2000,Eritrea,0.706370816
2000,Spain,596.8776488
2000,Estonia,5.686579748
2000,Ethiopia,8.242392104
2000,European Union,7260.12064
2000,Finland,125.7066519
2000,Fiji,1.678239218
2000,France,1362.24894
2000,Micronesia,0.2332718
2000,Gabon,5.080483464
2000,United Kingdom,1662.127402
2000,Georgia,3.057475335
2000,Ghana,4.983024408
2000,Guinea,2.995361141
2000,Gambia,0.782915402
2000,Guinea-Bissau,0.37109551
2000,Equatorial Guinea,1.045998496
2000,Greece,130.1338456
2000,Grenada,0.52004437
2000,Guatemala,19.28882716
2000,Guyana,0.712667897
2000,Honduras,7.103826902
2000,Croatia,21.83978097
2000,Haiti,6.813577558
2000,Hungary,47.21840589
2000,Indonesia,165.0210121
2000,India,468.3949373
2000,Ireland,99.95880689
2000,Iran,109.5917078
2000,Iraq,48.36425094
2000,Iceland,9.025660362
2000,Israel,132.4556621
2000,Italy,1143.829832
2000,Jamaica,9.005064475
2000,Jordan,8.460424401
2000,Japan,4968.359076
2000,Kazakhstan,18.29199491
2000,Kenya,12.7053571
2000,Kyrgyz Republic,1.369688498
2000,Cambodia,3.654031716
2000,Kiribati,0.067254174
2000,St. Kitts and Nevis,0.42169577
2000,Kuwait,37.71284224
2000,Lao PDR,1.731198022
2000,Lebanon,17.26036484
2000,Liberia,0.874
2000,Libya,38.27020695
2000,St. Lucia,0.932592593
2000,Liechtenstein,2.483953103
2000,Sri Lanka,16.33081418
2000,Lesotho,0.887295268
2000,Lithuania,11.52477687
2000,Luxembourg,21.17747098
2000,Latvia,7.958852839
2000,Morocco,38.85725134
2000,Moldova,1.288429392
2000,Madagascar,4.629247091
2000,Maldives,0.624337145
2000,Mexico,707.9067446
2000,Marshall Islands,0.1153475
2000,Mali,2.961476518
2000,Malta,4.069515579
2000,Myanmar,6.849321646
2000,Montenegro,0.984297589
2000,Mongolia,1.136896124
2000,Mozambique,5.656473652
2000,Mauritania,1.779523344
2000,Mauritius,4.66331362
2000,Malawi,1.743506531
2000,Malaysia,93.78973684
2000,Namibia,3.92224799
2000,Niger,2.24175312
2000,Nigeria,69.44875693
2000,Nicaragua,5.107329007
2000,Netherlands,416.4427861
2000,Norway,171.2471313
2000,Nepal,5.494252208
2000,Nauru,0.022
2000,New Zealand,52.62328196
2000,Oman,19.50745254
2000,Pakistan,82.01774342
2000,Panama,12.304115
2000,Peru,51.74474913
2000,Philippines,83.66969359
2000,Palau,0.1462975
2000,Papua New Guinea,3.521339699
2000,Poland,172.2194611
2000,Portugal,118.3107103
2000,Paraguay,8.85570514
2000,Qatar,17.75989011
2000,Romania,37.25325902
2000,Russia,259.7101422
2000,Rwanda,2.0675285
2000,Saudi Arabia,189.5149262
2000,Sudan,12.25741833
2000,Senegal,6.013184809
2000,Singapore,96.07447796
2000,Solomon Islands,0.419933581
2000,Sierra Leone,0.635874002
2000,El Salvador,11.7849277
2000,Somalia,2.052
2000,Serbia,6.875845987
2000,Sao Tome and Principe,0.077
2000,Suriname,0.94767197
2000,Slovak Republic,29.16995301
2000,Slovenia,20.28962764
2000,Sweden,262.8354544
2000,Eswatini,1.738100853
2000,Seychelles,0.614879765
2000,Syria,80.59002227
2000,Chad,1.388506727
2000,Togo,1.491891108
2000,Thailand,126.3922337
2000,Tajikistan,0.860521119
2000,Turkmenistan,2.904732773
2000,Timor-Leste,0.3670879
2000,Tonga,0.204849613
2000,Trinidad and Tobago,8.154338233
2000,Tunisia,21.47326184
2000,Turkey,274.3029591
2000,Tuvalu,0.013742057
2000,Tanzania,13.37597635
2000,Uganda,6.193246837
2000,Ukraine,32.37528032
2000,Uruguay,22.8232558
2000,United States,10252.34546
2000,Uzbekistan,13.76051397
2000,St. Vincent and the Grenadines,0.396262963
2000,Venezuela,117.1407235
2000,Vietnam,31.1725184
2000,Vanuatu,0.272014693
2000,World,33815.9655
2000,Samoa,0.26901971
2000,Yemen,9.65243618
2000,South Africa,151.7533695
2000,Zambia,3.60068304
2000,Zimbabwe,6.6899576
,,
,,
,,
,,
,,
,,
,,
,,
,,
,,
,,
,,
,,
,,
,,
,,
,,
